Entidad,Fecha,Fallecimientos
AGUASCALIENTES,2020-04-10,1
AGUASCALIENTES,2020-04-13,1
AGUASCALIENTES,2020-04-17,1
AGUASCALIENTES,2020-04-19,1
AGUASCALIENTES,2020-04-22,1
AGUASCALIENTES,2020-04-27,1
AGUASCALIENTES,2020-04-28,1
AGUASCALIENTES,2020-04-30,1
AGUASCALIENTES,2020-05-04,1
AGUASCALIENTES,2020-05-06,3
AGUASCALIENTES,2020-05-07,3
AGUASCALIENTES,2020-05-08,1
AGUASCALIENTES,2020-05-10,1
AGUASCALIENTES,2020-05-13,2
AGUASCALIENTES,2020-05-14,1
AGUASCALIENTES,2020-05-15,1
AGUASCALIENTES,2020-05-16,1
AGUASCALIENTES,2020-05-17,4
AGUASCALIENTES,2020-05-21,2
AGUASCALIENTES,2020-05-22,1
AGUASCALIENTES,2020-05-24,4
AGUASCALIENTES,2020-05-25,1
AGUASCALIENTES,2020-05-26,1
AGUASCALIENTES,2020-05-27,4
AGUASCALIENTES,2020-05-28,3
AGUASCALIENTES,2020-05-29,3
AGUASCALIENTES,2020-05-30,2
AGUASCALIENTES,2020-05-31,1
AGUASCALIENTES,2020-06-01,2
AGUASCALIENTES,2020-06-02,3
AGUASCALIENTES,2020-06-03,4
AGUASCALIENTES,2020-06-04,3
AGUASCALIENTES,2020-06-05,1
AGUASCALIENTES,2020-06-06,5
AGUASCALIENTES,2020-06-07,4
AGUASCALIENTES,2020-06-08,2
AGUASCALIENTES,2020-06-09,4
AGUASCALIENTES,2020-06-10,6
AGUASCALIENTES,2020-06-11,2
AGUASCALIENTES,2020-06-12,7
AGUASCALIENTES,2020-06-13,2
AGUASCALIENTES,2020-06-14,2
AGUASCALIENTES,2020-06-15,3
AGUASCALIENTES,2020-06-16,5
AGUASCALIENTES,2020-06-17,4
AGUASCALIENTES,2020-06-18,5
AGUASCALIENTES,2020-06-19,5
AGUASCALIENTES,2020-06-20,4
AGUASCALIENTES,2020-06-21,4
AGUASCALIENTES,2020-06-22,1
AGUASCALIENTES,2020-06-23,2
AGUASCALIENTES,2020-06-24,5
AGUASCALIENTES,2020-06-25,3
AGUASCALIENTES,2020-06-26,9
AGUASCALIENTES,2020-06-27,4
AGUASCALIENTES,2020-06-28,1
AGUASCALIENTES,2020-06-29,4
AGUASCALIENTES,2020-06-30,2
AGUASCALIENTES,2020-07-01,2
AGUASCALIENTES,2020-07-02,3
AGUASCALIENTES,2020-07-03,4
AGUASCALIENTES,2020-07-04,7
AGUASCALIENTES,2020-07-05,3
AGUASCALIENTES,2020-07-06,2
AGUASCALIENTES,2020-07-07,6
AGUASCALIENTES,2020-07-08,5
AGUASCALIENTES,2020-07-09,3
AGUASCALIENTES,2020-07-10,2
AGUASCALIENTES,2020-07-11,4
AGUASCALIENTES,2020-07-12,4
AGUASCALIENTES,2020-07-13,2
AGUASCALIENTES,2020-07-14,5
AGUASCALIENTES,2020-07-15,3
AGUASCALIENTES,2020-07-16,4
AGUASCALIENTES,2020-07-17,2
AGUASCALIENTES,2020-07-18,1
AGUASCALIENTES,2020-07-19,2
AGUASCALIENTES,2020-07-20,2
AGUASCALIENTES,2020-07-21,1
AGUASCALIENTES,2020-07-22,2
AGUASCALIENTES,2020-07-23,1
BAJA CALIFORNIA,2020-03-29,1
BAJA CALIFORNIA,2020-03-30,2
BAJA CALIFORNIA,2020-03-31,2
BAJA CALIFORNIA,2020-04-01,2
BAJA CALIFORNIA,2020-04-02,5
BAJA CALIFORNIA,2020-04-03,2
BAJA CALIFORNIA,2020-04-04,5
BAJA CALIFORNIA,2020-04-05,1
BAJA CALIFORNIA,2020-04-06,10
BAJA CALIFORNIA,2020-04-07,5
BAJA CALIFORNIA,2020-04-08,6
BAJA CALIFORNIA,2020-04-09,5
BAJA CALIFORNIA,2020-04-10,7
BAJA CALIFORNIA,2020-04-11,9
BAJA CALIFORNIA,2020-04-12,12
BAJA CALIFORNIA,2020-04-13,8
BAJA CALIFORNIA,2020-04-14,12
BAJA CALIFORNIA,2020-04-15,16
BAJA CALIFORNIA,2020-04-16,10
BAJA CALIFORNIA,2020-04-17,20
BAJA CALIFORNIA,2020-04-18,16
BAJA CALIFORNIA,2020-04-19,16
BAJA CALIFORNIA,2020-04-20,14
BAJA CALIFORNIA,2020-04-21,15
BAJA CALIFORNIA,2020-04-22,18
BAJA CALIFORNIA,2020-04-23,19
BAJA CALIFORNIA,2020-04-24,24
BAJA CALIFORNIA,2020-04-25,17
BAJA CALIFORNIA,2020-04-26,18
BAJA CALIFORNIA,2020-04-27,28
BAJA CALIFORNIA,2020-04-28,21
BAJA CALIFORNIA,2020-04-29,29
BAJA CALIFORNIA,2020-04-30,22
BAJA CALIFORNIA,2020-05-01,21
BAJA CALIFORNIA,2020-05-02,26
BAJA CALIFORNIA,2020-05-03,14
BAJA CALIFORNIA,2020-05-04,30
BAJA CALIFORNIA,2020-05-05,31
BAJA CALIFORNIA,2020-05-06,28
BAJA CALIFORNIA,2020-05-07,26
BAJA CALIFORNIA,2020-05-08,33
BAJA CALIFORNIA,2020-05-09,34
BAJA CALIFORNIA,2020-05-10,27
BAJA CALIFORNIA,2020-05-11,30
BAJA CALIFORNIA,2020-05-12,28
BAJA CALIFORNIA,2020-05-13,36
BAJA CALIFORNIA,2020-05-14,36
BAJA CALIFORNIA,2020-05-15,27
BAJA CALIFORNIA,2020-05-16,30
BAJA CALIFORNIA,2020-05-17,40
BAJA CALIFORNIA,2020-05-18,50
BAJA CALIFORNIA,2020-05-19,33
BAJA CALIFORNIA,2020-05-20,40
BAJA CALIFORNIA,2020-05-21,21
BAJA CALIFORNIA,2020-05-22,26
BAJA CALIFORNIA,2020-05-23,27
BAJA CALIFORNIA,2020-05-24,31
BAJA CALIFORNIA,2020-05-25,31
BAJA CALIFORNIA,2020-05-26,28
BAJA CALIFORNIA,2020-05-27,29
BAJA CALIFORNIA,2020-05-28,36
BAJA CALIFORNIA,2020-05-29,18
BAJA CALIFORNIA,2020-05-30,32
BAJA CALIFORNIA,2020-05-31,29
BAJA CALIFORNIA,2020-06-01,32
BAJA CALIFORNIA,2020-06-02,29
BAJA CALIFORNIA,2020-06-03,23
BAJA CALIFORNIA,2020-06-04,27
BAJA CALIFORNIA,2020-06-05,25
BAJA CALIFORNIA,2020-06-06,39
BAJA CALIFORNIA,2020-06-07,26
BAJA CALIFORNIA,2020-06-08,29
BAJA CALIFORNIA,2020-06-09,17
BAJA CALIFORNIA,2020-06-10,28
BAJA CALIFORNIA,2020-06-11,21
BAJA CALIFORNIA,2020-06-12,29
BAJA CALIFORNIA,2020-06-13,25
BAJA CALIFORNIA,2020-06-14,29
BAJA CALIFORNIA,2020-06-15,22
BAJA CALIFORNIA,2020-06-16,18
BAJA CALIFORNIA,2020-06-17,28
BAJA CALIFORNIA,2020-06-18,22
BAJA CALIFORNIA,2020-06-19,20
BAJA CALIFORNIA,2020-06-20,13
BAJA CALIFORNIA,2020-06-21,19
BAJA CALIFORNIA,2020-06-22,23
BAJA CALIFORNIA,2020-06-23,23
BAJA CALIFORNIA,2020-06-24,22
BAJA CALIFORNIA,2020-06-25,24
BAJA CALIFORNIA,2020-06-26,22
BAJA CALIFORNIA,2020-06-27,20
BAJA CALIFORNIA,2020-06-28,15
BAJA CALIFORNIA,2020-06-29,27
BAJA CALIFORNIA,2020-06-30,30
BAJA CALIFORNIA,2020-07-01,19
BAJA CALIFORNIA,2020-07-02,24
BAJA CALIFORNIA,2020-07-03,26
BAJA CALIFORNIA,2020-07-04,26
BAJA CALIFORNIA,2020-07-05,33
BAJA CALIFORNIA,2020-07-06,41
BAJA CALIFORNIA,2020-07-07,26
BAJA CALIFORNIA,2020-07-08,23
BAJA CALIFORNIA,2020-07-09,18
BAJA CALIFORNIA,2020-07-10,23
BAJA CALIFORNIA,2020-07-11,24
BAJA CALIFORNIA,2020-07-12,20
BAJA CALIFORNIA,2020-07-13,15
BAJA CALIFORNIA,2020-07-14,17
BAJA CALIFORNIA,2020-07-15,8
BAJA CALIFORNIA,2020-07-16,19
BAJA CALIFORNIA,2020-07-17,22
BAJA CALIFORNIA,2020-07-18,15
BAJA CALIFORNIA,2020-07-19,16
BAJA CALIFORNIA,2020-07-20,16
BAJA CALIFORNIA,2020-07-21,14
BAJA CALIFORNIA,2020-07-22,11
BAJA CALIFORNIA,2020-07-23,2
BAJA CALIFORNIA SUR,2020-03-29,1
BAJA CALIFORNIA SUR,2020-03-31,1
BAJA CALIFORNIA SUR,2020-04-04,1
BAJA CALIFORNIA SUR,2020-04-05,1
BAJA CALIFORNIA SUR,2020-04-08,1
BAJA CALIFORNIA SUR,2020-04-11,1
BAJA CALIFORNIA SUR,2020-04-12,1
BAJA CALIFORNIA SUR,2020-04-13,1
BAJA CALIFORNIA SUR,2020-04-16,1
BAJA CALIFORNIA SUR,2020-04-17,1
BAJA CALIFORNIA SUR,2020-04-20,1
BAJA CALIFORNIA SUR,2020-04-21,1
BAJA CALIFORNIA SUR,2020-04-22,2
BAJA CALIFORNIA SUR,2020-04-24,1
BAJA CALIFORNIA SUR,2020-04-26,2
BAJA CALIFORNIA SUR,2020-04-28,1
BAJA CALIFORNIA SUR,2020-04-29,1
BAJA CALIFORNIA SUR,2020-05-03,1
BAJA CALIFORNIA SUR,2020-05-04,1
BAJA CALIFORNIA SUR,2020-05-06,2
BAJA CALIFORNIA SUR,2020-05-08,2
BAJA CALIFORNIA SUR,2020-05-10,2
BAJA CALIFORNIA SUR,2020-05-11,1
BAJA CALIFORNIA SUR,2020-05-13,1
BAJA CALIFORNIA SUR,2020-05-14,1
BAJA CALIFORNIA SUR,2020-05-16,1
BAJA CALIFORNIA SUR,2020-05-17,1
BAJA CALIFORNIA SUR,2020-05-18,1
BAJA CALIFORNIA SUR,2020-05-20,1
BAJA CALIFORNIA SUR,2020-05-22,1
BAJA CALIFORNIA SUR,2020-05-24,1
BAJA CALIFORNIA SUR,2020-05-26,1
BAJA CALIFORNIA SUR,2020-05-27,2
BAJA CALIFORNIA SUR,2020-05-29,1
BAJA CALIFORNIA SUR,2020-06-01,1
BAJA CALIFORNIA SUR,2020-06-02,1
BAJA CALIFORNIA SUR,2020-06-03,2
BAJA CALIFORNIA SUR,2020-06-04,3
BAJA CALIFORNIA SUR,2020-06-05,3
BAJA CALIFORNIA SUR,2020-06-09,1
BAJA CALIFORNIA SUR,2020-06-11,2
BAJA CALIFORNIA SUR,2020-06-12,2
BAJA CALIFORNIA SUR,2020-06-13,2
BAJA CALIFORNIA SUR,2020-06-14,4
BAJA CALIFORNIA SUR,2020-06-15,4
BAJA CALIFORNIA SUR,2020-06-16,1
BAJA CALIFORNIA SUR,2020-06-17,1
BAJA CALIFORNIA SUR,2020-06-18,1
BAJA CALIFORNIA SUR,2020-06-19,1
BAJA CALIFORNIA SUR,2020-06-20,2
BAJA CALIFORNIA SUR,2020-06-22,1
BAJA CALIFORNIA SUR,2020-06-23,1
BAJA CALIFORNIA SUR,2020-06-24,1
BAJA CALIFORNIA SUR,2020-06-25,1
BAJA CALIFORNIA SUR,2020-06-26,1
BAJA CALIFORNIA SUR,2020-06-27,3
BAJA CALIFORNIA SUR,2020-06-29,1
BAJA CALIFORNIA SUR,2020-06-30,3
BAJA CALIFORNIA SUR,2020-07-01,1
BAJA CALIFORNIA SUR,2020-07-02,5
BAJA CALIFORNIA SUR,2020-07-03,4
BAJA CALIFORNIA SUR,2020-07-04,1
BAJA CALIFORNIA SUR,2020-07-05,2
BAJA CALIFORNIA SUR,2020-07-06,2
BAJA CALIFORNIA SUR,2020-07-08,1
BAJA CALIFORNIA SUR,2020-07-09,2
BAJA CALIFORNIA SUR,2020-07-10,3
BAJA CALIFORNIA SUR,2020-07-11,3
BAJA CALIFORNIA SUR,2020-07-12,5
BAJA CALIFORNIA SUR,2020-07-13,3
BAJA CALIFORNIA SUR,2020-07-14,2
BAJA CALIFORNIA SUR,2020-07-15,2
BAJA CALIFORNIA SUR,2020-07-16,1
BAJA CALIFORNIA SUR,2020-07-17,7
BAJA CALIFORNIA SUR,2020-07-18,2
BAJA CALIFORNIA SUR,2020-07-19,3
BAJA CALIFORNIA SUR,2020-07-20,3
BAJA CALIFORNIA SUR,2020-07-21,1
BAJA CALIFORNIA SUR,2020-07-22,1
CAMPECHE,2020-04-06,1
CAMPECHE,2020-04-10,1
CAMPECHE,2020-04-14,1
CAMPECHE,2020-04-17,1
CAMPECHE,2020-04-19,2
CAMPECHE,2020-04-21,1
CAMPECHE,2020-04-22,2
CAMPECHE,2020-04-23,2
CAMPECHE,2020-04-24,2
CAMPECHE,2020-04-25,2
CAMPECHE,2020-04-26,1
CAMPECHE,2020-04-27,1
CAMPECHE,2020-04-29,3
CAMPECHE,2020-05-01,2
CAMPECHE,2020-05-02,2
CAMPECHE,2020-05-03,1
CAMPECHE,2020-05-05,1
CAMPECHE,2020-05-06,1
CAMPECHE,2020-05-07,1
CAMPECHE,2020-05-08,1
CAMPECHE,2020-05-09,3
CAMPECHE,2020-05-10,1
CAMPECHE,2020-05-11,2
CAMPECHE,2020-05-12,2
CAMPECHE,2020-05-13,1
CAMPECHE,2020-05-14,4
CAMPECHE,2020-05-15,5
CAMPECHE,2020-05-16,3
CAMPECHE,2020-05-17,2
CAMPECHE,2020-05-18,2
CAMPECHE,2020-05-19,2
CAMPECHE,2020-05-20,4
CAMPECHE,2020-05-21,1
CAMPECHE,2020-05-22,1
CAMPECHE,2020-05-23,1
CAMPECHE,2020-05-24,5
CAMPECHE,2020-05-25,3
CAMPECHE,2020-05-26,3
CAMPECHE,2020-05-27,1
CAMPECHE,2020-05-28,4
CAMPECHE,2020-05-29,3
CAMPECHE,2020-05-30,2
CAMPECHE,2020-06-01,2
CAMPECHE,2020-06-02,4
CAMPECHE,2020-06-03,3
CAMPECHE,2020-06-04,2
CAMPECHE,2020-06-05,2
CAMPECHE,2020-06-06,2
CAMPECHE,2020-06-07,6
CAMPECHE,2020-06-08,9
CAMPECHE,2020-06-09,3
CAMPECHE,2020-06-10,2
CAMPECHE,2020-06-11,2
CAMPECHE,2020-06-12,2
CAMPECHE,2020-06-13,6
CAMPECHE,2020-06-14,4
CAMPECHE,2020-06-15,6
CAMPECHE,2020-06-16,3
CAMPECHE,2020-06-17,7
CAMPECHE,2020-06-18,2
CAMPECHE,2020-06-19,4
CAMPECHE,2020-06-20,7
CAMPECHE,2020-06-21,3
CAMPECHE,2020-06-22,5
CAMPECHE,2020-06-23,5
CAMPECHE,2020-06-24,8
CAMPECHE,2020-06-25,5
CAMPECHE,2020-06-26,7
CAMPECHE,2020-06-27,13
CAMPECHE,2020-06-28,12
CAMPECHE,2020-06-29,10
CAMPECHE,2020-06-30,6
CAMPECHE,2020-07-01,11
CAMPECHE,2020-07-02,7
CAMPECHE,2020-07-03,10
CAMPECHE,2020-07-04,8
CAMPECHE,2020-07-05,6
CAMPECHE,2020-07-06,10
CAMPECHE,2020-07-07,9
CAMPECHE,2020-07-08,9
CAMPECHE,2020-07-09,12
CAMPECHE,2020-07-10,12
CAMPECHE,2020-07-11,9
CAMPECHE,2020-07-12,9
CAMPECHE,2020-07-13,7
CAMPECHE,2020-07-14,9
CAMPECHE,2020-07-15,5
CAMPECHE,2020-07-16,7
CAMPECHE,2020-07-17,5
CAMPECHE,2020-07-18,3
CAMPECHE,2020-07-19,6
CAMPECHE,2020-07-20,5
CAMPECHE,2020-07-21,5
CAMPECHE,2020-07-22,6
CHIAPAS,2020-04-06,1
CHIAPAS,2020-04-09,1
CHIAPAS,2020-04-11,1
CHIAPAS,2020-04-13,1
CHIAPAS,2020-04-19,1
CHIAPAS,2020-04-22,1
CHIAPAS,2020-04-23,1
CHIAPAS,2020-04-27,1
CHIAPAS,2020-04-28,1
CHIAPAS,2020-04-29,1
CHIAPAS,2020-04-30,1
CHIAPAS,2020-05-01,1
CHIAPAS,2020-05-02,4
CHIAPAS,2020-05-05,3
CHIAPAS,2020-05-06,1
CHIAPAS,2020-05-07,1
CHIAPAS,2020-05-08,2
CHIAPAS,2020-05-09,4
CHIAPAS,2020-05-10,7
CHIAPAS,2020-05-11,5
CHIAPAS,2020-05-12,5
CHIAPAS,2020-05-13,5
CHIAPAS,2020-05-14,3
CHIAPAS,2020-05-15,2
CHIAPAS,2020-05-16,3
CHIAPAS,2020-05-17,5
CHIAPAS,2020-05-18,5
CHIAPAS,2020-05-19,11
CHIAPAS,2020-05-20,6
CHIAPAS,2020-05-21,2
CHIAPAS,2020-05-22,10
CHIAPAS,2020-05-23,8
CHIAPAS,2020-05-24,11
CHIAPAS,2020-05-25,13
CHIAPAS,2020-05-26,4
CHIAPAS,2020-05-27,10
CHIAPAS,2020-05-28,13
CHIAPAS,2020-05-29,11
CHIAPAS,2020-05-30,14
CHIAPAS,2020-05-31,11
CHIAPAS,2020-06-01,15
CHIAPAS,2020-06-02,24
CHIAPAS,2020-06-03,22
CHIAPAS,2020-06-04,16
CHIAPAS,2020-06-05,19
CHIAPAS,2020-06-06,10
CHIAPAS,2020-06-07,23
CHIAPAS,2020-06-08,26
CHIAPAS,2020-06-09,26
CHIAPAS,2020-06-10,15
CHIAPAS,2020-06-11,11
CHIAPAS,2020-06-12,22
CHIAPAS,2020-06-13,13
CHIAPAS,2020-06-14,10
CHIAPAS,2020-06-15,14
CHIAPAS,2020-06-16,20
CHIAPAS,2020-06-17,14
CHIAPAS,2020-06-18,14
CHIAPAS,2020-06-19,11
CHIAPAS,2020-06-20,12
CHIAPAS,2020-06-21,9
CHIAPAS,2020-06-22,17
CHIAPAS,2020-06-23,17
CHIAPAS,2020-06-24,20
CHIAPAS,2020-06-25,12
CHIAPAS,2020-06-26,15
CHIAPAS,2020-06-27,13
CHIAPAS,2020-06-28,26
CHIAPAS,2020-06-29,11
CHIAPAS,2020-06-30,18
CHIAPAS,2020-07-01,9
CHIAPAS,2020-07-02,8
CHIAPAS,2020-07-03,9
CHIAPAS,2020-07-04,15
CHIAPAS,2020-07-05,17
CHIAPAS,2020-07-06,9
CHIAPAS,2020-07-07,17
CHIAPAS,2020-07-08,10
CHIAPAS,2020-07-09,11
CHIAPAS,2020-07-10,14
CHIAPAS,2020-07-11,11
CHIAPAS,2020-07-12,16
CHIAPAS,2020-07-13,8
CHIAPAS,2020-07-14,10
CHIAPAS,2020-07-15,10
CHIAPAS,2020-07-16,11
CHIAPAS,2020-07-17,10
CHIAPAS,2020-07-18,6
CHIAPAS,2020-07-19,2
CHIAPAS,2020-07-20,9
CHIAPAS,2020-07-21,4
CHIAPAS,2020-07-22,6
CHIAPAS,2020-07-23,1
CHIHUAHUA,2020-04-03,2
CHIHUAHUA,2020-04-04,1
CHIHUAHUA,2020-04-05,1
CHIHUAHUA,2020-04-06,2
CHIHUAHUA,2020-04-07,6
CHIHUAHUA,2020-04-08,6
CHIHUAHUA,2020-04-09,4
CHIHUAHUA,2020-04-10,1
CHIHUAHUA,2020-04-11,1
CHIHUAHUA,2020-04-12,4
CHIHUAHUA,2020-04-13,3
CHIHUAHUA,2020-04-14,2
CHIHUAHUA,2020-04-15,7
CHIHUAHUA,2020-04-16,2
CHIHUAHUA,2020-04-17,7
CHIHUAHUA,2020-04-18,5
CHIHUAHUA,2020-04-19,4
CHIHUAHUA,2020-04-20,8
CHIHUAHUA,2020-04-21,10
CHIHUAHUA,2020-04-22,7
CHIHUAHUA,2020-04-23,2
CHIHUAHUA,2020-04-24,14
CHIHUAHUA,2020-04-25,8
CHIHUAHUA,2020-04-26,5
CHIHUAHUA,2020-04-27,6
CHIHUAHUA,2020-04-28,6
CHIHUAHUA,2020-04-29,7
CHIHUAHUA,2020-04-30,10
CHIHUAHUA,2020-05-01,15
CHIHUAHUA,2020-05-02,6
CHIHUAHUA,2020-05-03,9
CHIHUAHUA,2020-05-04,11
CHIHUAHUA,2020-05-05,5
CHIHUAHUA,2020-05-06,12
CHIHUAHUA,2020-05-07,17
CHIHUAHUA,2020-05-08,11
CHIHUAHUA,2020-05-09,11
CHIHUAHUA,2020-05-10,12
CHIHUAHUA,2020-05-11,8
CHIHUAHUA,2020-05-12,10
CHIHUAHUA,2020-05-13,14
CHIHUAHUA,2020-05-14,13
CHIHUAHUA,2020-05-15,9
CHIHUAHUA,2020-05-16,5
CHIHUAHUA,2020-05-17,8
CHIHUAHUA,2020-05-18,13
CHIHUAHUA,2020-05-19,16
CHIHUAHUA,2020-05-20,8
CHIHUAHUA,2020-05-21,3
CHIHUAHUA,2020-05-22,10
CHIHUAHUA,2020-05-23,13
CHIHUAHUA,2020-05-24,3
CHIHUAHUA,2020-05-25,9
CHIHUAHUA,2020-05-26,14
CHIHUAHUA,2020-05-27,7
CHIHUAHUA,2020-05-28,12
CHIHUAHUA,2020-05-29,10
CHIHUAHUA,2020-05-30,7
CHIHUAHUA,2020-05-31,6
CHIHUAHUA,2020-06-01,10
CHIHUAHUA,2020-06-02,11
CHIHUAHUA,2020-06-03,9
CHIHUAHUA,2020-06-04,5
CHIHUAHUA,2020-06-05,12
CHIHUAHUA,2020-06-06,16
CHIHUAHUA,2020-06-07,14
CHIHUAHUA,2020-06-08,16
CHIHUAHUA,2020-06-09,9
CHIHUAHUA,2020-06-10,9
CHIHUAHUA,2020-06-11,11
CHIHUAHUA,2020-06-12,8
CHIHUAHUA,2020-06-13,7
CHIHUAHUA,2020-06-14,13
CHIHUAHUA,2020-06-15,10
CHIHUAHUA,2020-06-16,11
CHIHUAHUA,2020-06-17,10
CHIHUAHUA,2020-06-18,7
CHIHUAHUA,2020-06-19,5
CHIHUAHUA,2020-06-20,6
CHIHUAHUA,2020-06-21,5
CHIHUAHUA,2020-06-22,10
CHIHUAHUA,2020-06-23,6
CHIHUAHUA,2020-06-24,6
CHIHUAHUA,2020-06-25,6
CHIHUAHUA,2020-06-26,8
CHIHUAHUA,2020-06-27,3
CHIHUAHUA,2020-06-28,7
CHIHUAHUA,2020-06-29,8
CHIHUAHUA,2020-06-30,8
CHIHUAHUA,2020-07-01,5
CHIHUAHUA,2020-07-02,5
CHIHUAHUA,2020-07-03,9
CHIHUAHUA,2020-07-04,3
CHIHUAHUA,2020-07-05,4
CHIHUAHUA,2020-07-06,11
CHIHUAHUA,2020-07-07,8
CHIHUAHUA,2020-07-08,7
CHIHUAHUA,2020-07-09,10
CHIHUAHUA,2020-07-10,12
CHIHUAHUA,2020-07-11,10
CHIHUAHUA,2020-07-12,7
CHIHUAHUA,2020-07-13,8
CHIHUAHUA,2020-07-14,2
CHIHUAHUA,2020-07-15,1
CHIHUAHUA,2020-07-16,6
CHIHUAHUA,2020-07-17,4
CHIHUAHUA,2020-07-18,4
CHIHUAHUA,2020-07-19,7
CHIHUAHUA,2020-07-20,3
CHIHUAHUA,2020-07-21,1
CHIHUAHUA,2020-07-22,4
CIUDAD DE MEXICO,2020-03-22,1
CIUDAD DE MEXICO,2020-03-23,1
CIUDAD DE MEXICO,2020-03-25,1
CIUDAD DE MEXICO,2020-03-26,3
CIUDAD DE MEXICO,2020-03-27,4
CIUDAD DE MEXICO,2020-03-28,1
CIUDAD DE MEXICO,2020-03-29,2
CIUDAD DE MEXICO,2020-03-30,4
CIUDAD DE MEXICO,2020-03-31,7
CIUDAD DE MEXICO,2020-04-01,5
CIUDAD DE MEXICO,2020-04-02,5
CIUDAD DE MEXICO,2020-04-03,7
CIUDAD DE MEXICO,2020-04-04,6
CIUDAD DE MEXICO,2020-04-05,4
CIUDAD DE MEXICO,2020-04-06,16
CIUDAD DE MEXICO,2020-04-07,11
CIUDAD DE MEXICO,2020-04-08,6
CIUDAD DE MEXICO,2020-04-09,17
CIUDAD DE MEXICO,2020-04-10,23
CIUDAD DE MEXICO,2020-04-11,23
CIUDAD DE MEXICO,2020-04-12,11
CIUDAD DE MEXICO,2020-04-13,14
CIUDAD DE MEXICO,2020-04-14,24
CIUDAD DE MEXICO,2020-04-15,22
CIUDAD DE MEXICO,2020-04-16,25
CIUDAD DE MEXICO,2020-04-17,17
CIUDAD DE MEXICO,2020-04-18,25
CIUDAD DE MEXICO,2020-04-19,30
CIUDAD DE MEXICO,2020-04-20,35
CIUDAD DE MEXICO,2020-04-21,40
CIUDAD DE MEXICO,2020-04-22,28
CIUDAD DE MEXICO,2020-04-23,36
CIUDAD DE MEXICO,2020-04-24,46
CIUDAD DE MEXICO,2020-04-25,62
CIUDAD DE MEXICO,2020-04-26,57
CIUDAD DE MEXICO,2020-04-27,47
CIUDAD DE MEXICO,2020-04-28,41
CIUDAD DE MEXICO,2020-04-29,63
CIUDAD DE MEXICO,2020-04-30,78
CIUDAD DE MEXICO,2020-05-01,70
CIUDAD DE MEXICO,2020-05-02,55
CIUDAD DE MEXICO,2020-05-03,68
CIUDAD DE MEXICO,2020-05-04,66
CIUDAD DE MEXICO,2020-05-05,80
CIUDAD DE MEXICO,2020-05-06,79
CIUDAD DE MEXICO,2020-05-07,69
CIUDAD DE MEXICO,2020-05-08,81
CIUDAD DE MEXICO,2020-05-09,72
CIUDAD DE MEXICO,2020-05-10,81
CIUDAD DE MEXICO,2020-05-11,76
CIUDAD DE MEXICO,2020-05-12,88
CIUDAD DE MEXICO,2020-05-13,93
CIUDAD DE MEXICO,2020-05-14,99
CIUDAD DE MEXICO,2020-05-15,99
CIUDAD DE MEXICO,2020-05-16,96
CIUDAD DE MEXICO,2020-05-17,109
CIUDAD DE MEXICO,2020-05-18,110
CIUDAD DE MEXICO,2020-05-19,103
CIUDAD DE MEXICO,2020-05-20,87
CIUDAD DE MEXICO,2020-05-21,116
CIUDAD DE MEXICO,2020-05-22,96
CIUDAD DE MEXICO,2020-05-23,99
CIUDAD DE MEXICO,2020-05-24,100
CIUDAD DE MEXICO,2020-05-25,99
CIUDAD DE MEXICO,2020-05-26,97
CIUDAD DE MEXICO,2020-05-27,85
CIUDAD DE MEXICO,2020-05-28,96
CIUDAD DE MEXICO,2020-05-29,81
CIUDAD DE MEXICO,2020-05-30,77
CIUDAD DE MEXICO,2020-05-31,103
CIUDAD DE MEXICO,2020-06-01,99
CIUDAD DE MEXICO,2020-06-02,73
CIUDAD DE MEXICO,2020-06-03,97
CIUDAD DE MEXICO,2020-06-04,93
CIUDAD DE MEXICO,2020-06-05,90
CIUDAD DE MEXICO,2020-06-06,95
CIUDAD DE MEXICO,2020-06-07,88
CIUDAD DE MEXICO,2020-06-08,96
CIUDAD DE MEXICO,2020-06-09,88
CIUDAD DE MEXICO,2020-06-10,93
CIUDAD DE MEXICO,2020-06-11,95
CIUDAD DE MEXICO,2020-06-12,101
CIUDAD DE MEXICO,2020-06-13,103
CIUDAD DE MEXICO,2020-06-14,87
CIUDAD DE MEXICO,2020-06-15,65
CIUDAD DE MEXICO,2020-06-16,99
CIUDAD DE MEXICO,2020-06-17,91
CIUDAD DE MEXICO,2020-06-18,83
CIUDAD DE MEXICO,2020-06-19,77
CIUDAD DE MEXICO,2020-06-20,59
CIUDAD DE MEXICO,2020-06-21,77
CIUDAD DE MEXICO,2020-06-22,58
CIUDAD DE MEXICO,2020-06-23,60
CIUDAD DE MEXICO,2020-06-24,52
CIUDAD DE MEXICO,2020-06-25,46
CIUDAD DE MEXICO,2020-06-26,61
CIUDAD DE MEXICO,2020-06-27,69
CIUDAD DE MEXICO,2020-06-28,51
CIUDAD DE MEXICO,2020-06-29,44
CIUDAD DE MEXICO,2020-06-30,57
CIUDAD DE MEXICO,2020-07-01,70
CIUDAD DE MEXICO,2020-07-02,55
CIUDAD DE MEXICO,2020-07-03,57
CIUDAD DE MEXICO,2020-07-04,60
CIUDAD DE MEXICO,2020-07-05,53
CIUDAD DE MEXICO,2020-07-06,59
CIUDAD DE MEXICO,2020-07-07,61
CIUDAD DE MEXICO,2020-07-08,42
CIUDAD DE MEXICO,2020-07-09,43
CIUDAD DE MEXICO,2020-07-10,34
CIUDAD DE MEXICO,2020-07-11,48
CIUDAD DE MEXICO,2020-07-12,56
CIUDAD DE MEXICO,2020-07-13,39
CIUDAD DE MEXICO,2020-07-14,56
CIUDAD DE MEXICO,2020-07-15,53
CIUDAD DE MEXICO,2020-07-16,42
CIUDAD DE MEXICO,2020-07-17,39
CIUDAD DE MEXICO,2020-07-18,48
CIUDAD DE MEXICO,2020-07-19,43
CIUDAD DE MEXICO,2020-07-20,32
CIUDAD DE MEXICO,2020-07-21,31
CIUDAD DE MEXICO,2020-07-22,15
CIUDAD DE MEXICO,2020-07-23,6
CIUDAD DE MEXICO,2020-07-24,1
COAHUILA DE ZARAGOZA,2020-03-28,1
COAHUILA DE ZARAGOZA,2020-03-30,1
COAHUILA DE ZARAGOZA,2020-03-31,1
COAHUILA DE ZARAGOZA,2020-04-02,2
COAHUILA DE ZARAGOZA,2020-04-03,2
COAHUILA DE ZARAGOZA,2020-04-04,1
COAHUILA DE ZARAGOZA,2020-04-05,2
COAHUILA DE ZARAGOZA,2020-04-06,1
COAHUILA DE ZARAGOZA,2020-04-07,3
COAHUILA DE ZARAGOZA,2020-04-09,1
COAHUILA DE ZARAGOZA,2020-04-10,1
COAHUILA DE ZARAGOZA,2020-04-13,1
COAHUILA DE ZARAGOZA,2020-04-14,5
COAHUILA DE ZARAGOZA,2020-04-15,1
COAHUILA DE ZARAGOZA,2020-04-16,3
COAHUILA DE ZARAGOZA,2020-04-19,2
COAHUILA DE ZARAGOZA,2020-04-20,4
COAHUILA DE ZARAGOZA,2020-04-21,2
COAHUILA DE ZARAGOZA,2020-04-22,2
COAHUILA DE ZARAGOZA,2020-04-23,2
COAHUILA DE ZARAGOZA,2020-04-24,2
COAHUILA DE ZARAGOZA,2020-04-25,2
COAHUILA DE ZARAGOZA,2020-04-26,2
COAHUILA DE ZARAGOZA,2020-04-28,2
COAHUILA DE ZARAGOZA,2020-05-02,1
COAHUILA DE ZARAGOZA,2020-05-03,2
COAHUILA DE ZARAGOZA,2020-05-04,4
COAHUILA DE ZARAGOZA,2020-05-05,1
COAHUILA DE ZARAGOZA,2020-05-06,3
COAHUILA DE ZARAGOZA,2020-05-07,1
COAHUILA DE ZARAGOZA,2020-05-08,1
COAHUILA DE ZARAGOZA,2020-05-09,1
COAHUILA DE ZARAGOZA,2020-05-10,1
COAHUILA DE ZARAGOZA,2020-05-11,2
COAHUILA DE ZARAGOZA,2020-05-15,2
COAHUILA DE ZARAGOZA,2020-05-16,4
COAHUILA DE ZARAGOZA,2020-05-17,2
COAHUILA DE ZARAGOZA,2020-05-20,1
COAHUILA DE ZARAGOZA,2020-05-21,1
COAHUILA DE ZARAGOZA,2020-05-22,1
COAHUILA DE ZARAGOZA,2020-05-23,2
COAHUILA DE ZARAGOZA,2020-05-24,6
COAHUILA DE ZARAGOZA,2020-05-25,2
COAHUILA DE ZARAGOZA,2020-05-26,3
COAHUILA DE ZARAGOZA,2020-05-28,3
COAHUILA DE ZARAGOZA,2020-05-29,4
COAHUILA DE ZARAGOZA,2020-05-30,1
COAHUILA DE ZARAGOZA,2020-05-31,1
COAHUILA DE ZARAGOZA,2020-06-01,1
COAHUILA DE ZARAGOZA,2020-06-02,1
COAHUILA DE ZARAGOZA,2020-06-03,4
COAHUILA DE ZARAGOZA,2020-06-04,3
COAHUILA DE ZARAGOZA,2020-06-05,6
COAHUILA DE ZARAGOZA,2020-06-06,4
COAHUILA DE ZARAGOZA,2020-06-07,8
COAHUILA DE ZARAGOZA,2020-06-08,7
COAHUILA DE ZARAGOZA,2020-06-09,4
COAHUILA DE ZARAGOZA,2020-06-10,5
COAHUILA DE ZARAGOZA,2020-06-11,7
COAHUILA DE ZARAGOZA,2020-06-12,3
COAHUILA DE ZARAGOZA,2020-06-13,4
COAHUILA DE ZARAGOZA,2020-06-14,8
COAHUILA DE ZARAGOZA,2020-06-15,5
COAHUILA DE ZARAGOZA,2020-06-16,7
COAHUILA DE ZARAGOZA,2020-06-17,8
COAHUILA DE ZARAGOZA,2020-06-18,3
COAHUILA DE ZARAGOZA,2020-06-19,6
COAHUILA DE ZARAGOZA,2020-06-20,3
COAHUILA DE ZARAGOZA,2020-06-21,7
COAHUILA DE ZARAGOZA,2020-06-22,5
COAHUILA DE ZARAGOZA,2020-06-23,6
COAHUILA DE ZARAGOZA,2020-06-24,11
COAHUILA DE ZARAGOZA,2020-06-25,5
COAHUILA DE ZARAGOZA,2020-06-26,9
COAHUILA DE ZARAGOZA,2020-06-27,9
COAHUILA DE ZARAGOZA,2020-06-28,7
COAHUILA DE ZARAGOZA,2020-06-29,16
COAHUILA DE ZARAGOZA,2020-06-30,15
COAHUILA DE ZARAGOZA,2020-07-01,12
COAHUILA DE ZARAGOZA,2020-07-02,8
COAHUILA DE ZARAGOZA,2020-07-03,17
COAHUILA DE ZARAGOZA,2020-07-04,17
COAHUILA DE ZARAGOZA,2020-07-05,10
COAHUILA DE ZARAGOZA,2020-07-06,13
COAHUILA DE ZARAGOZA,2020-07-07,14
COAHUILA DE ZARAGOZA,2020-07-08,9
COAHUILA DE ZARAGOZA,2020-07-09,14
COAHUILA DE ZARAGOZA,2020-07-10,9
COAHUILA DE ZARAGOZA,2020-07-11,8
COAHUILA DE ZARAGOZA,2020-07-12,8
COAHUILA DE ZARAGOZA,2020-07-13,12
COAHUILA DE ZARAGOZA,2020-07-14,15
COAHUILA DE ZARAGOZA,2020-07-15,16
COAHUILA DE ZARAGOZA,2020-07-16,15
COAHUILA DE ZARAGOZA,2020-07-17,11
COAHUILA DE ZARAGOZA,2020-07-18,13
COAHUILA DE ZARAGOZA,2020-07-19,10
COAHUILA DE ZARAGOZA,2020-07-20,13
COAHUILA DE ZARAGOZA,2020-07-21,6
COAHUILA DE ZARAGOZA,2020-07-22,7
COAHUILA DE ZARAGOZA,2020-07-23,3
COLIMA,2020-04-13,1
COLIMA,2020-04-16,1
COLIMA,2020-04-26,1
COLIMA,2020-05-02,1
COLIMA,2020-05-04,2
COLIMA,2020-05-05,1
COLIMA,2020-05-11,1
COLIMA,2020-05-15,1
COLIMA,2020-05-16,1
COLIMA,2020-05-18,1
COLIMA,2020-05-20,2
COLIMA,2020-05-21,1
COLIMA,2020-05-22,1
COLIMA,2020-05-24,4
COLIMA,2020-05-26,2
COLIMA,2020-05-27,1
COLIMA,2020-05-29,1
COLIMA,2020-05-31,2
COLIMA,2020-06-01,1
COLIMA,2020-06-03,1
COLIMA,2020-06-05,1
COLIMA,2020-06-06,2
COLIMA,2020-06-07,1
COLIMA,2020-06-10,2
COLIMA,2020-06-11,1
COLIMA,2020-06-12,1
COLIMA,2020-06-13,1
COLIMA,2020-06-14,1
COLIMA,2020-06-15,1
COLIMA,2020-06-16,2
COLIMA,2020-06-17,2
COLIMA,2020-06-18,2
COLIMA,2020-06-19,2
COLIMA,2020-06-20,4
COLIMA,2020-06-21,3
COLIMA,2020-06-22,2
COLIMA,2020-06-23,4
COLIMA,2020-06-24,1
COLIMA,2020-06-25,5
COLIMA,2020-06-26,1
COLIMA,2020-06-27,3
COLIMA,2020-06-28,2
COLIMA,2020-06-30,2
COLIMA,2020-07-01,3
COLIMA,2020-07-02,1
COLIMA,2020-07-04,2
COLIMA,2020-07-05,2
COLIMA,2020-07-06,3
COLIMA,2020-07-08,3
COLIMA,2020-07-09,4
COLIMA,2020-07-10,4
COLIMA,2020-07-11,9
COLIMA,2020-07-12,6
COLIMA,2020-07-13,6
COLIMA,2020-07-14,4
COLIMA,2020-07-15,6
COLIMA,2020-07-16,5
COLIMA,2020-07-17,7
COLIMA,2020-07-18,2
COLIMA,2020-07-19,2
COLIMA,2020-07-20,5
COLIMA,2020-07-21,5
COLIMA,2020-07-22,6
DURANGO,2020-03-18,1
DURANGO,2020-03-24,1
DURANGO,2020-03-31,1
DURANGO,2020-04-01,1
DURANGO,2020-04-21,1
DURANGO,2020-04-24,1
DURANGO,2020-04-25,1
DURANGO,2020-04-26,1
DURANGO,2020-04-28,1
DURANGO,2020-05-01,1
DURANGO,2020-05-02,2
DURANGO,2020-05-03,1
DURANGO,2020-05-08,2
DURANGO,2020-05-09,1
DURANGO,2020-05-13,1
DURANGO,2020-05-14,3
DURANGO,2020-05-15,3
DURANGO,2020-05-16,2
DURANGO,2020-05-17,1
DURANGO,2020-05-20,4
DURANGO,2020-05-21,1
DURANGO,2020-05-24,3
DURANGO,2020-05-25,3
DURANGO,2020-05-26,2
DURANGO,2020-05-27,2
DURANGO,2020-05-28,4
DURANGO,2020-05-29,3
DURANGO,2020-05-31,3
DURANGO,2020-06-01,1
DURANGO,2020-06-02,4
DURANGO,2020-06-03,1
DURANGO,2020-06-04,2
DURANGO,2020-06-05,4
DURANGO,2020-06-06,2
DURANGO,2020-06-07,2
DURANGO,2020-06-08,3
DURANGO,2020-06-09,2
DURANGO,2020-06-10,6
DURANGO,2020-06-11,4
DURANGO,2020-06-12,7
DURANGO,2020-06-13,4
DURANGO,2020-06-14,6
DURANGO,2020-06-15,6
DURANGO,2020-06-16,6
DURANGO,2020-06-17,9
DURANGO,2020-06-18,2
DURANGO,2020-06-19,3
DURANGO,2020-06-20,1
DURANGO,2020-06-21,3
DURANGO,2020-06-22,3
DURANGO,2020-06-23,4
DURANGO,2020-06-24,5
DURANGO,2020-06-25,4
DURANGO,2020-06-26,5
DURANGO,2020-06-27,2
DURANGO,2020-06-28,5
DURANGO,2020-06-29,2
DURANGO,2020-06-30,2
DURANGO,2020-07-01,7
DURANGO,2020-07-02,4
DURANGO,2020-07-03,1
DURANGO,2020-07-04,1
DURANGO,2020-07-05,4
DURANGO,2020-07-06,4
DURANGO,2020-07-07,7
DURANGO,2020-07-08,7
DURANGO,2020-07-09,5
DURANGO,2020-07-10,2
DURANGO,2020-07-11,9
DURANGO,2020-07-12,6
DURANGO,2020-07-13,2
DURANGO,2020-07-14,7
DURANGO,2020-07-15,3
DURANGO,2020-07-16,6
DURANGO,2020-07-17,6
DURANGO,2020-07-18,6
DURANGO,2020-07-19,3
DURANGO,2020-07-20,9
DURANGO,2020-07-21,1
DURANGO,2020-07-22,1
GUANAJUATO,2020-04-05,2
GUANAJUATO,2020-04-07,1
GUANAJUATO,2020-04-09,1
GUANAJUATO,2020-04-10,1
GUANAJUATO,2020-04-14,2
GUANAJUATO,2020-04-15,1
GUANAJUATO,2020-04-17,3
GUANAJUATO,2020-04-21,2
GUANAJUATO,2020-04-22,3
GUANAJUATO,2020-04-23,3
GUANAJUATO,2020-04-24,1
GUANAJUATO,2020-04-25,3
GUANAJUATO,2020-04-26,2
GUANAJUATO,2020-04-29,2
GUANAJUATO,2020-04-30,3
GUANAJUATO,2020-05-01,3
GUANAJUATO,2020-05-02,2
GUANAJUATO,2020-05-03,3
GUANAJUATO,2020-05-04,3
GUANAJUATO,2020-05-05,2
GUANAJUATO,2020-05-06,3
GUANAJUATO,2020-05-07,4
GUANAJUATO,2020-05-08,6
GUANAJUATO,2020-05-09,4
GUANAJUATO,2020-05-10,1
GUANAJUATO,2020-05-11,3
GUANAJUATO,2020-05-12,1
GUANAJUATO,2020-05-13,4
GUANAJUATO,2020-05-14,2
GUANAJUATO,2020-05-15,4
GUANAJUATO,2020-05-16,3
GUANAJUATO,2020-05-17,1
GUANAJUATO,2020-05-18,5
GUANAJUATO,2020-05-19,3
GUANAJUATO,2020-05-20,1
GUANAJUATO,2020-05-21,2
GUANAJUATO,2020-05-22,6
GUANAJUATO,2020-05-23,3
GUANAJUATO,2020-05-24,2
GUANAJUATO,2020-05-25,6
GUANAJUATO,2020-05-26,3
GUANAJUATO,2020-05-27,3
GUANAJUATO,2020-05-28,4
GUANAJUATO,2020-05-30,2
GUANAJUATO,2020-05-31,6
GUANAJUATO,2020-06-01,2
GUANAJUATO,2020-06-02,5
GUANAJUATO,2020-06-03,4
GUANAJUATO,2020-06-04,5
GUANAJUATO,2020-06-05,7
GUANAJUATO,2020-06-06,10
GUANAJUATO,2020-06-07,7
GUANAJUATO,2020-06-08,12
GUANAJUATO,2020-06-09,6
GUANAJUATO,2020-06-10,15
GUANAJUATO,2020-06-11,13
GUANAJUATO,2020-06-12,8
GUANAJUATO,2020-06-13,10
GUANAJUATO,2020-06-14,4
GUANAJUATO,2020-06-15,11
GUANAJUATO,2020-06-16,11
GUANAJUATO,2020-06-17,7
GUANAJUATO,2020-06-18,20
GUANAJUATO,2020-06-19,12
GUANAJUATO,2020-06-20,15
GUANAJUATO,2020-06-21,11
GUANAJUATO,2020-06-22,12
GUANAJUATO,2020-06-23,15
GUANAJUATO,2020-06-24,14
GUANAJUATO,2020-06-25,16
GUANAJUATO,2020-06-26,11
GUANAJUATO,2020-06-27,18
GUANAJUATO,2020-06-28,12
GUANAJUATO,2020-06-29,21
GUANAJUATO,2020-06-30,15
GUANAJUATO,2020-07-01,14
GUANAJUATO,2020-07-02,22
GUANAJUATO,2020-07-03,14
GUANAJUATO,2020-07-04,21
GUANAJUATO,2020-07-05,22
GUANAJUATO,2020-07-06,17
GUANAJUATO,2020-07-07,21
GUANAJUATO,2020-07-08,27
GUANAJUATO,2020-07-09,22
GUANAJUATO,2020-07-10,15
GUANAJUATO,2020-07-11,20
GUANAJUATO,2020-07-12,23
GUANAJUATO,2020-07-13,14
GUANAJUATO,2020-07-14,16
GUANAJUATO,2020-07-15,14
GUANAJUATO,2020-07-16,12
GUANAJUATO,2020-07-17,10
GUANAJUATO,2020-07-18,21
GUANAJUATO,2020-07-19,14
GUANAJUATO,2020-07-20,13
GUANAJUATO,2020-07-21,17
GUANAJUATO,2020-07-22,17
GUANAJUATO,2020-07-23,4
GUERRERO,2020-03-28,1
GUERRERO,2020-04-04,2
GUERRERO,2020-04-06,2
GUERRERO,2020-04-09,1
GUERRERO,2020-04-12,1
GUERRERO,2020-04-13,1
GUERRERO,2020-04-14,1
GUERRERO,2020-04-15,3
GUERRERO,2020-04-17,1
GUERRERO,2020-04-18,3
GUERRERO,2020-04-19,4
GUERRERO,2020-04-20,3
GUERRERO,2020-04-21,7
GUERRERO,2020-04-22,3
GUERRERO,2020-04-23,3
GUERRERO,2020-04-24,1
GUERRERO,2020-04-25,4
GUERRERO,2020-04-26,1
GUERRERO,2020-04-27,8
GUERRERO,2020-04-28,5
GUERRERO,2020-04-29,4
GUERRERO,2020-04-30,2
GUERRERO,2020-05-01,2
GUERRERO,2020-05-02,8
GUERRERO,2020-05-03,4
GUERRERO,2020-05-04,4
GUERRERO,2020-05-05,5
GUERRERO,2020-05-06,10
GUERRERO,2020-05-07,6
GUERRERO,2020-05-08,4
GUERRERO,2020-05-09,11
GUERRERO,2020-05-10,6
GUERRERO,2020-05-11,8
GUERRERO,2020-05-12,7
GUERRERO,2020-05-13,8
GUERRERO,2020-05-14,8
GUERRERO,2020-05-15,13
GUERRERO,2020-05-16,14
GUERRERO,2020-05-17,16
GUERRERO,2020-05-18,16
GUERRERO,2020-05-19,12
GUERRERO,2020-05-20,23
GUERRERO,2020-05-21,17
GUERRERO,2020-05-22,18
GUERRERO,2020-05-23,18
GUERRERO,2020-05-24,19
GUERRERO,2020-05-25,27
GUERRERO,2020-05-26,22
GUERRERO,2020-05-27,24
GUERRERO,2020-05-28,17
GUERRERO,2020-05-29,21
GUERRERO,2020-05-30,17
GUERRERO,2020-05-31,23
GUERRERO,2020-06-01,19
GUERRERO,2020-06-02,28
GUERRERO,2020-06-03,17
GUERRERO,2020-06-04,17
GUERRERO,2020-06-05,22
GUERRERO,2020-06-06,19
GUERRERO,2020-06-07,23
GUERRERO,2020-06-08,21
GUERRERO,2020-06-09,19
GUERRERO,2020-06-10,21
GUERRERO,2020-06-11,18
GUERRERO,2020-06-12,17
GUERRERO,2020-06-13,27
GUERRERO,2020-06-14,22
GUERRERO,2020-06-15,15
GUERRERO,2020-06-16,19
GUERRERO,2020-06-17,22
GUERRERO,2020-06-18,20
GUERRERO,2020-06-19,29
GUERRERO,2020-06-20,14
GUERRERO,2020-06-21,15
GUERRERO,2020-06-22,28
GUERRERO,2020-06-23,13
GUERRERO,2020-06-24,14
GUERRERO,2020-06-25,16
GUERRERO,2020-06-26,21
GUERRERO,2020-06-27,23
GUERRERO,2020-06-28,20
GUERRERO,2020-06-29,19
GUERRERO,2020-06-30,19
GUERRERO,2020-07-01,9
GUERRERO,2020-07-02,11
GUERRERO,2020-07-03,11
GUERRERO,2020-07-04,19
GUERRERO,2020-07-05,12
GUERRERO,2020-07-06,12
GUERRERO,2020-07-07,22
GUERRERO,2020-07-08,9
GUERRERO,2020-07-09,12
GUERRERO,2020-07-10,15
GUERRERO,2020-07-11,13
GUERRERO,2020-07-12,6
GUERRERO,2020-07-13,13
GUERRERO,2020-07-14,23
GUERRERO,2020-07-15,11
GUERRERO,2020-07-16,7
GUERRERO,2020-07-17,8
GUERRERO,2020-07-18,9
GUERRERO,2020-07-19,7
GUERRERO,2020-07-20,7
GUERRERO,2020-07-21,8
GUERRERO,2020-07-22,4
GUERRERO,2020-07-23,2
HIDALGO,2020-03-27,1
HIDALGO,2020-03-28,1
HIDALGO,2020-03-30,1
HIDALGO,2020-04-01,1
HIDALGO,2020-04-03,1
HIDALGO,2020-04-08,2
HIDALGO,2020-04-14,2
HIDALGO,2020-04-15,3
HIDALGO,2020-04-18,2
HIDALGO,2020-04-19,1
HIDALGO,2020-04-20,1
HIDALGO,2020-04-21,2
HIDALGO,2020-04-22,2
HIDALGO,2020-04-23,2
HIDALGO,2020-04-24,1
HIDALGO,2020-04-25,7
HIDALGO,2020-04-26,8
HIDALGO,2020-04-27,1
HIDALGO,2020-04-28,5
HIDALGO,2020-04-29,2
HIDALGO,2020-04-30,5
HIDALGO,2020-05-01,9
HIDALGO,2020-05-02,2
HIDALGO,2020-05-03,7
HIDALGO,2020-05-04,10
HIDALGO,2020-05-05,10
HIDALGO,2020-05-06,7
HIDALGO,2020-05-07,8
HIDALGO,2020-05-08,9
HIDALGO,2020-05-09,6
HIDALGO,2020-05-10,10
HIDALGO,2020-05-11,8
HIDALGO,2020-05-12,12
HIDALGO,2020-05-13,9
HIDALGO,2020-05-14,14
HIDALGO,2020-05-15,15
HIDALGO,2020-05-16,9
HIDALGO,2020-05-17,11
HIDALGO,2020-05-18,14
HIDALGO,2020-05-19,7
HIDALGO,2020-05-20,16
HIDALGO,2020-05-21,17
HIDALGO,2020-05-22,12
HIDALGO,2020-05-23,11
HIDALGO,2020-05-24,11
HIDALGO,2020-05-25,12
HIDALGO,2020-05-26,11
HIDALGO,2020-05-27,12
HIDALGO,2020-05-28,12
HIDALGO,2020-05-29,11
HIDALGO,2020-05-30,10
HIDALGO,2020-05-31,13
HIDALGO,2020-06-01,9
HIDALGO,2020-06-02,6
HIDALGO,2020-06-03,15
HIDALGO,2020-06-04,5
HIDALGO,2020-06-05,3
HIDALGO,2020-06-06,3
HIDALGO,2020-06-07,12
HIDALGO,2020-06-08,15
HIDALGO,2020-06-09,8
HIDALGO,2020-06-10,12
HIDALGO,2020-06-11,10
HIDALGO,2020-06-12,5
HIDALGO,2020-06-13,8
HIDALGO,2020-06-14,15
HIDALGO,2020-06-15,10
HIDALGO,2020-06-16,11
HIDALGO,2020-06-17,12
HIDALGO,2020-06-18,12
HIDALGO,2020-06-19,11
HIDALGO,2020-06-20,8
HIDALGO,2020-06-21,10
HIDALGO,2020-06-22,8
HIDALGO,2020-06-23,12
HIDALGO,2020-06-24,13
HIDALGO,2020-06-25,6
HIDALGO,2020-06-26,18
HIDALGO,2020-06-27,6
HIDALGO,2020-06-28,12
HIDALGO,2020-06-29,10
HIDALGO,2020-06-30,6
HIDALGO,2020-07-01,17
HIDALGO,2020-07-02,13
HIDALGO,2020-07-03,10
HIDALGO,2020-07-04,5
HIDALGO,2020-07-05,9
HIDALGO,2020-07-06,6
HIDALGO,2020-07-07,10
HIDALGO,2020-07-08,10
HIDALGO,2020-07-09,8
HIDALGO,2020-07-10,13
HIDALGO,2020-07-11,9
HIDALGO,2020-07-12,15
HIDALGO,2020-07-13,13
HIDALGO,2020-07-14,14
HIDALGO,2020-07-15,14
HIDALGO,2020-07-16,13
HIDALGO,2020-07-17,13
HIDALGO,2020-07-18,12
HIDALGO,2020-07-19,6
HIDALGO,2020-07-20,12
HIDALGO,2020-07-21,10
HIDALGO,2020-07-22,6
HIDALGO,2020-07-23,2
JALISCO,2020-03-20,1
JALISCO,2020-03-26,2
JALISCO,2020-03-31,1
JALISCO,2020-04-02,2
JALISCO,2020-04-05,1
JALISCO,2020-04-07,1
JALISCO,2020-04-08,1
JALISCO,2020-04-10,1
JALISCO,2020-04-11,1
JALISCO,2020-04-16,1
JALISCO,2020-04-17,1
JALISCO,2020-04-19,2
JALISCO,2020-04-20,1
JALISCO,2020-04-21,1
JALISCO,2020-04-22,3
JALISCO,2020-04-23,1
JALISCO,2020-04-24,3
JALISCO,2020-04-25,2
JALISCO,2020-04-27,1
JALISCO,2020-04-28,3
JALISCO,2020-04-29,2
JALISCO,2020-04-30,3
JALISCO,2020-05-02,4
JALISCO,2020-05-03,3
JALISCO,2020-05-04,3
JALISCO,2020-05-05,3
JALISCO,2020-05-06,5
JALISCO,2020-05-07,3
JALISCO,2020-05-09,3
JALISCO,2020-05-10,3
JALISCO,2020-05-11,2
JALISCO,2020-05-12,3
JALISCO,2020-05-13,3
JALISCO,2020-05-14,4
JALISCO,2020-05-15,7
JALISCO,2020-05-16,9
JALISCO,2020-05-17,5
JALISCO,2020-05-18,3
JALISCO,2020-05-19,1
JALISCO,2020-05-20,6
JALISCO,2020-05-21,9
JALISCO,2020-05-22,2
JALISCO,2020-05-23,4
JALISCO,2020-05-24,3
JALISCO,2020-05-25,8
JALISCO,2020-05-26,5
JALISCO,2020-05-27,4
JALISCO,2020-05-28,3
JALISCO,2020-05-29,5
JALISCO,2020-05-30,14
JALISCO,2020-05-31,10
JALISCO,2020-06-01,19
JALISCO,2020-06-02,10
JALISCO,2020-06-03,18
JALISCO,2020-06-04,23
JALISCO,2020-06-05,17
JALISCO,2020-06-06,16
JALISCO,2020-06-07,21
JALISCO,2020-06-08,13
JALISCO,2020-06-09,22
JALISCO,2020-06-10,13
JALISCO,2020-06-11,22
JALISCO,2020-06-12,26
JALISCO,2020-06-13,14
JALISCO,2020-06-14,27
JALISCO,2020-06-15,17
JALISCO,2020-06-16,24
JALISCO,2020-06-17,27
JALISCO,2020-06-18,15
JALISCO,2020-06-19,24
JALISCO,2020-06-20,26
JALISCO,2020-06-21,24
JALISCO,2020-06-22,20
JALISCO,2020-06-23,26
JALISCO,2020-06-24,25
JALISCO,2020-06-25,26
JALISCO,2020-06-26,18
JALISCO,2020-06-27,22
JALISCO,2020-06-28,24
JALISCO,2020-06-29,33
JALISCO,2020-06-30,20
JALISCO,2020-07-01,30
JALISCO,2020-07-02,21
JALISCO,2020-07-03,30
JALISCO,2020-07-04,32
JALISCO,2020-07-05,27
JALISCO,2020-07-06,25
JALISCO,2020-07-07,23
JALISCO,2020-07-08,23
JALISCO,2020-07-09,25
JALISCO,2020-07-10,17
JALISCO,2020-07-11,32
JALISCO,2020-07-12,28
JALISCO,2020-07-13,29
JALISCO,2020-07-14,22
JALISCO,2020-07-15,32
JALISCO,2020-07-16,25
JALISCO,2020-07-17,16
JALISCO,2020-07-18,20
JALISCO,2020-07-19,23
JALISCO,2020-07-20,23
JALISCO,2020-07-21,28
JALISCO,2020-07-22,9
JALISCO,2020-07-23,4
MEXICO,2020-03-18,1
MEXICO,2020-03-28,4
MEXICO,2020-03-29,1
MEXICO,2020-03-30,1
MEXICO,2020-03-31,2
MEXICO,2020-04-01,1
MEXICO,2020-04-02,5
MEXICO,2020-04-03,3
MEXICO,2020-04-04,5
MEXICO,2020-04-05,5
MEXICO,2020-04-06,4
MEXICO,2020-04-07,10
MEXICO,2020-04-08,6
MEXICO,2020-04-09,5
MEXICO,2020-04-10,7
MEXICO,2020-04-11,13
MEXICO,2020-04-12,17
MEXICO,2020-04-13,19
MEXICO,2020-04-14,16
MEXICO,2020-04-15,18
MEXICO,2020-04-16,16
MEXICO,2020-04-17,21
MEXICO,2020-04-18,28
MEXICO,2020-04-19,27
MEXICO,2020-04-20,33
MEXICO,2020-04-21,35
MEXICO,2020-04-22,38
MEXICO,2020-04-23,35
MEXICO,2020-04-24,47
MEXICO,2020-04-25,43
MEXICO,2020-04-26,66
MEXICO,2020-04-27,50
MEXICO,2020-04-28,55
MEXICO,2020-04-29,65
MEXICO,2020-04-30,61
MEXICO,2020-05-01,74
MEXICO,2020-05-02,63
MEXICO,2020-05-03,61
MEXICO,2020-05-04,90
MEXICO,2020-05-05,63
MEXICO,2020-05-06,55
MEXICO,2020-05-07,65
MEXICO,2020-05-08,60
MEXICO,2020-05-09,60
MEXICO,2020-05-10,64
MEXICO,2020-05-11,67
MEXICO,2020-05-12,57
MEXICO,2020-05-13,83
MEXICO,2020-05-14,74
MEXICO,2020-05-15,88
MEXICO,2020-05-16,87
MEXICO,2020-05-17,101
MEXICO,2020-05-18,90
MEXICO,2020-05-19,99
MEXICO,2020-05-20,82
MEXICO,2020-05-21,99
MEXICO,2020-05-22,95
MEXICO,2020-05-23,83
MEXICO,2020-05-24,102
MEXICO,2020-05-25,93
MEXICO,2020-05-26,107
MEXICO,2020-05-27,90
MEXICO,2020-05-28,86
MEXICO,2020-05-29,96
MEXICO,2020-05-30,102
MEXICO,2020-05-31,107
MEXICO,2020-06-01,104
MEXICO,2020-06-02,96
MEXICO,2020-06-03,116
MEXICO,2020-06-04,104
MEXICO,2020-06-05,98
MEXICO,2020-06-06,103
MEXICO,2020-06-07,110
MEXICO,2020-06-08,106
MEXICO,2020-06-09,120
MEXICO,2020-06-10,109
MEXICO,2020-06-11,116
MEXICO,2020-06-12,102
MEXICO,2020-06-13,101
MEXICO,2020-06-14,102
MEXICO,2020-06-15,117
MEXICO,2020-06-16,118
MEXICO,2020-06-17,107
MEXICO,2020-06-18,88
MEXICO,2020-06-19,104
MEXICO,2020-06-20,74
MEXICO,2020-06-21,75
MEXICO,2020-06-22,87
MEXICO,2020-06-23,81
MEXICO,2020-06-24,77
MEXICO,2020-06-25,66
MEXICO,2020-06-26,76
MEXICO,2020-06-27,82
MEXICO,2020-06-28,84
MEXICO,2020-06-29,115
MEXICO,2020-06-30,77
MEXICO,2020-07-01,79
MEXICO,2020-07-02,89
MEXICO,2020-07-03,58
MEXICO,2020-07-04,69
MEXICO,2020-07-05,78
MEXICO,2020-07-06,101
MEXICO,2020-07-07,74
MEXICO,2020-07-08,81
MEXICO,2020-07-09,73
MEXICO,2020-07-10,68
MEXICO,2020-07-11,79
MEXICO,2020-07-12,62
MEXICO,2020-07-13,62
MEXICO,2020-07-14,64
MEXICO,2020-07-15,67
MEXICO,2020-07-16,74
MEXICO,2020-07-17,55
MEXICO,2020-07-18,57
MEXICO,2020-07-19,63
MEXICO,2020-07-20,35
MEXICO,2020-07-21,32
MEXICO,2020-07-22,31
MEXICO,2020-07-23,9
MICHOACAN DE OCAMPO,2020-03-26,1
MICHOACAN DE OCAMPO,2020-04-03,2
MICHOACAN DE OCAMPO,2020-04-04,1
MICHOACAN DE OCAMPO,2020-04-06,1
MICHOACAN DE OCAMPO,2020-04-08,1
MICHOACAN DE OCAMPO,2020-04-09,1
MICHOACAN DE OCAMPO,2020-04-10,1
MICHOACAN DE OCAMPO,2020-04-11,1
MICHOACAN DE OCAMPO,2020-04-13,4
MICHOACAN DE OCAMPO,2020-04-14,2
MICHOACAN DE OCAMPO,2020-04-15,1
MICHOACAN DE OCAMPO,2020-04-16,2
MICHOACAN DE OCAMPO,2020-04-18,1
MICHOACAN DE OCAMPO,2020-04-19,2
MICHOACAN DE OCAMPO,2020-04-20,4
MICHOACAN DE OCAMPO,2020-04-22,1
MICHOACAN DE OCAMPO,2020-04-23,3
MICHOACAN DE OCAMPO,2020-04-24,2
MICHOACAN DE OCAMPO,2020-04-25,4
MICHOACAN DE OCAMPO,2020-04-26,3
MICHOACAN DE OCAMPO,2020-04-27,1
MICHOACAN DE OCAMPO,2020-04-28,3
MICHOACAN DE OCAMPO,2020-04-29,5
MICHOACAN DE OCAMPO,2020-04-30,5
MICHOACAN DE OCAMPO,2020-05-01,2
MICHOACAN DE OCAMPO,2020-05-02,1
MICHOACAN DE OCAMPO,2020-05-03,1
MICHOACAN DE OCAMPO,2020-05-04,4
MICHOACAN DE OCAMPO,2020-05-05,5
MICHOACAN DE OCAMPO,2020-05-07,2
MICHOACAN DE OCAMPO,2020-05-08,4
MICHOACAN DE OCAMPO,2020-05-09,4
MICHOACAN DE OCAMPO,2020-05-10,3
MICHOACAN DE OCAMPO,2020-05-11,3
MICHOACAN DE OCAMPO,2020-05-12,2
MICHOACAN DE OCAMPO,2020-05-13,6
MICHOACAN DE OCAMPO,2020-05-14,10
MICHOACAN DE OCAMPO,2020-05-15,3
MICHOACAN DE OCAMPO,2020-05-16,6
MICHOACAN DE OCAMPO,2020-05-17,6
MICHOACAN DE OCAMPO,2020-05-18,4
MICHOACAN DE OCAMPO,2020-05-19,8
MICHOACAN DE OCAMPO,2020-05-20,9
MICHOACAN DE OCAMPO,2020-05-21,10
MICHOACAN DE OCAMPO,2020-05-22,7
MICHOACAN DE OCAMPO,2020-05-23,4
MICHOACAN DE OCAMPO,2020-05-24,9
MICHOACAN DE OCAMPO,2020-05-25,11
MICHOACAN DE OCAMPO,2020-05-26,6
MICHOACAN DE OCAMPO,2020-05-27,12
MICHOACAN DE OCAMPO,2020-05-28,8
MICHOACAN DE OCAMPO,2020-05-29,2
MICHOACAN DE OCAMPO,2020-05-30,4
MICHOACAN DE OCAMPO,2020-05-31,6
MICHOACAN DE OCAMPO,2020-06-01,8
MICHOACAN DE OCAMPO,2020-06-02,6
MICHOACAN DE OCAMPO,2020-06-03,6
MICHOACAN DE OCAMPO,2020-06-04,14
MICHOACAN DE OCAMPO,2020-06-05,7
MICHOACAN DE OCAMPO,2020-06-06,9
MICHOACAN DE OCAMPO,2020-06-07,7
MICHOACAN DE OCAMPO,2020-06-08,10
MICHOACAN DE OCAMPO,2020-06-09,7
MICHOACAN DE OCAMPO,2020-06-10,11
MICHOACAN DE OCAMPO,2020-06-11,10
MICHOACAN DE OCAMPO,2020-06-12,9
MICHOACAN DE OCAMPO,2020-06-13,13
MICHOACAN DE OCAMPO,2020-06-14,18
MICHOACAN DE OCAMPO,2020-06-15,19
MICHOACAN DE OCAMPO,2020-06-16,15
MICHOACAN DE OCAMPO,2020-06-17,21
MICHOACAN DE OCAMPO,2020-06-18,12
MICHOACAN DE OCAMPO,2020-06-19,12
MICHOACAN DE OCAMPO,2020-06-20,13
MICHOACAN DE OCAMPO,2020-06-21,10
MICHOACAN DE OCAMPO,2020-06-22,7
MICHOACAN DE OCAMPO,2020-06-23,9
MICHOACAN DE OCAMPO,2020-06-24,10
MICHOACAN DE OCAMPO,2020-06-25,6
MICHOACAN DE OCAMPO,2020-06-26,8
MICHOACAN DE OCAMPO,2020-06-27,16
MICHOACAN DE OCAMPO,2020-06-28,11
MICHOACAN DE OCAMPO,2020-06-29,6
MICHOACAN DE OCAMPO,2020-06-30,5
MICHOACAN DE OCAMPO,2020-07-01,10
MICHOACAN DE OCAMPO,2020-07-02,8
MICHOACAN DE OCAMPO,2020-07-03,5
MICHOACAN DE OCAMPO,2020-07-04,7
MICHOACAN DE OCAMPO,2020-07-05,7
MICHOACAN DE OCAMPO,2020-07-06,10
MICHOACAN DE OCAMPO,2020-07-07,6
MICHOACAN DE OCAMPO,2020-07-08,7
MICHOACAN DE OCAMPO,2020-07-09,5
MICHOACAN DE OCAMPO,2020-07-10,6
MICHOACAN DE OCAMPO,2020-07-11,12
MICHOACAN DE OCAMPO,2020-07-12,7
MICHOACAN DE OCAMPO,2020-07-13,11
MICHOACAN DE OCAMPO,2020-07-14,7
MICHOACAN DE OCAMPO,2020-07-15,12
MICHOACAN DE OCAMPO,2020-07-16,6
MICHOACAN DE OCAMPO,2020-07-17,7
MICHOACAN DE OCAMPO,2020-07-18,2
MICHOACAN DE OCAMPO,2020-07-19,3
MICHOACAN DE OCAMPO,2020-07-20,3
MICHOACAN DE OCAMPO,2020-07-21,2
MORELOS,2020-03-28,1
MORELOS,2020-03-29,1
MORELOS,2020-03-31,1
MORELOS,2020-04-01,1
MORELOS,2020-04-06,1
MORELOS,2020-04-07,1
MORELOS,2020-04-08,1
MORELOS,2020-04-10,1
MORELOS,2020-04-13,3
MORELOS,2020-04-14,1
MORELOS,2020-04-15,2
MORELOS,2020-04-16,1
MORELOS,2020-04-17,3
MORELOS,2020-04-19,3
MORELOS,2020-04-20,6
MORELOS,2020-04-21,6
MORELOS,2020-04-22,8
MORELOS,2020-04-23,6
MORELOS,2020-04-24,4
MORELOS,2020-04-25,7
MORELOS,2020-04-26,8
MORELOS,2020-04-27,7
MORELOS,2020-04-28,9
MORELOS,2020-04-29,11
MORELOS,2020-04-30,8
MORELOS,2020-05-01,15
MORELOS,2020-05-02,16
MORELOS,2020-05-03,12
MORELOS,2020-05-04,20
MORELOS,2020-05-05,16
MORELOS,2020-05-06,14
MORELOS,2020-05-07,12
MORELOS,2020-05-08,13
MORELOS,2020-05-09,13
MORELOS,2020-05-10,16
MORELOS,2020-05-11,16
MORELOS,2020-05-12,11
MORELOS,2020-05-13,22
MORELOS,2020-05-14,10
MORELOS,2020-05-15,10
MORELOS,2020-05-16,9
MORELOS,2020-05-17,10
MORELOS,2020-05-18,14
MORELOS,2020-05-19,17
MORELOS,2020-05-20,22
MORELOS,2020-05-21,15
MORELOS,2020-05-22,9
MORELOS,2020-05-23,15
MORELOS,2020-05-24,7
MORELOS,2020-05-25,8
MORELOS,2020-05-26,10
MORELOS,2020-05-27,6
MORELOS,2020-05-28,7
MORELOS,2020-05-29,5
MORELOS,2020-05-30,7
MORELOS,2020-05-31,12
MORELOS,2020-06-01,13
MORELOS,2020-06-02,13
MORELOS,2020-06-03,6
MORELOS,2020-06-04,7
MORELOS,2020-06-05,7
MORELOS,2020-06-06,11
MORELOS,2020-06-07,8
MORELOS,2020-06-08,8
MORELOS,2020-06-09,9
MORELOS,2020-06-10,12
MORELOS,2020-06-11,8
MORELOS,2020-06-12,8
MORELOS,2020-06-13,9
MORELOS,2020-06-14,8
MORELOS,2020-06-15,7
MORELOS,2020-06-16,10
MORELOS,2020-06-17,7
MORELOS,2020-06-18,5
MORELOS,2020-06-19,9
MORELOS,2020-06-20,3
MORELOS,2020-06-21,9
MORELOS,2020-06-22,6
MORELOS,2020-06-23,9
MORELOS,2020-06-24,4
MORELOS,2020-06-25,1
MORELOS,2020-06-26,7
MORELOS,2020-06-27,3
MORELOS,2020-06-28,4
MORELOS,2020-06-29,9
MORELOS,2020-06-30,6
MORELOS,2020-07-01,7
MORELOS,2020-07-02,3
MORELOS,2020-07-03,6
MORELOS,2020-07-04,5
MORELOS,2020-07-05,4
MORELOS,2020-07-06,3
MORELOS,2020-07-07,3
MORELOS,2020-07-08,4
MORELOS,2020-07-09,4
MORELOS,2020-07-10,7
MORELOS,2020-07-11,4
MORELOS,2020-07-12,2
MORELOS,2020-07-13,5
MORELOS,2020-07-14,3
MORELOS,2020-07-15,2
MORELOS,2020-07-16,3
MORELOS,2020-07-17,2
MORELOS,2020-07-18,1
MORELOS,2020-07-19,8
MORELOS,2020-07-20,2
MORELOS,2020-07-21,3
MORELOS,2020-07-23,2
NAYARIT,2020-03-30,1
NAYARIT,2020-04-08,3
NAYARIT,2020-04-09,1
NAYARIT,2020-04-12,1
NAYARIT,2020-04-17,1
NAYARIT,2020-04-20,2
NAYARIT,2020-04-26,1
NAYARIT,2020-04-27,1
NAYARIT,2020-05-02,1
NAYARIT,2020-05-03,2
NAYARIT,2020-05-04,3
NAYARIT,2020-05-05,2
NAYARIT,2020-05-07,1
NAYARIT,2020-05-08,1
NAYARIT,2020-05-10,2
NAYARIT,2020-05-11,1
NAYARIT,2020-05-14,4
NAYARIT,2020-05-15,2
NAYARIT,2020-05-16,2
NAYARIT,2020-05-17,3
NAYARIT,2020-05-18,2
NAYARIT,2020-05-19,3
NAYARIT,2020-05-21,2
NAYARIT,2020-05-22,1
NAYARIT,2020-05-24,2
NAYARIT,2020-05-26,3
NAYARIT,2020-05-27,5
NAYARIT,2020-05-28,6
NAYARIT,2020-05-29,2
NAYARIT,2020-05-30,6
NAYARIT,2020-05-31,5
NAYARIT,2020-06-01,1
NAYARIT,2020-06-02,6
NAYARIT,2020-06-03,3
NAYARIT,2020-06-04,3
NAYARIT,2020-06-06,8
NAYARIT,2020-06-07,4
NAYARIT,2020-06-08,7
NAYARIT,2020-06-09,5
NAYARIT,2020-06-10,3
NAYARIT,2020-06-11,4
NAYARIT,2020-06-12,1
NAYARIT,2020-06-13,1
NAYARIT,2020-06-14,8
NAYARIT,2020-06-15,4
NAYARIT,2020-06-16,5
NAYARIT,2020-06-17,7
NAYARIT,2020-06-18,5
NAYARIT,2020-06-19,9
NAYARIT,2020-06-20,9
NAYARIT,2020-06-21,9
NAYARIT,2020-06-22,3
NAYARIT,2020-06-23,6
NAYARIT,2020-06-24,5
NAYARIT,2020-06-25,8
NAYARIT,2020-06-26,1
NAYARIT,2020-06-27,6
NAYARIT,2020-06-28,7
NAYARIT,2020-06-29,7
NAYARIT,2020-06-30,3
NAYARIT,2020-07-01,1
NAYARIT,2020-07-02,1
NAYARIT,2020-07-03,4
NAYARIT,2020-07-04,3
NAYARIT,2020-07-05,5
NAYARIT,2020-07-06,7
NAYARIT,2020-07-07,5
NAYARIT,2020-07-08,5
NAYARIT,2020-07-09,7
NAYARIT,2020-07-10,3
NAYARIT,2020-07-11,5
NAYARIT,2020-07-12,5
NAYARIT,2020-07-13,6
NAYARIT,2020-07-14,4
NAYARIT,2020-07-15,4
NAYARIT,2020-07-16,4
NAYARIT,2020-07-17,4
NAYARIT,2020-07-18,2
NAYARIT,2020-07-19,12
NAYARIT,2020-07-20,4
NAYARIT,2020-07-21,7
NAYARIT,2020-07-22,4
NAYARIT,2020-07-23,3
NUEVO LEON,2020-04-03,2
NUEVO LEON,2020-04-05,1
NUEVO LEON,2020-04-07,2
NUEVO LEON,2020-04-13,1
NUEVO LEON,2020-04-16,1
NUEVO LEON,2020-04-19,1
NUEVO LEON,2020-04-20,1
NUEVO LEON,2020-04-22,2
NUEVO LEON,2020-04-23,1
NUEVO LEON,2020-04-24,1
NUEVO LEON,2020-04-25,1
NUEVO LEON,2020-04-26,1
NUEVO LEON,2020-04-27,2
NUEVO LEON,2020-04-28,2
NUEVO LEON,2020-04-29,2
NUEVO LEON,2020-04-30,1
NUEVO LEON,2020-05-01,2
NUEVO LEON,2020-05-02,3
NUEVO LEON,2020-05-03,2
NUEVO LEON,2020-05-04,2
NUEVO LEON,2020-05-05,3
NUEVO LEON,2020-05-06,2
NUEVO LEON,2020-05-07,2
NUEVO LEON,2020-05-09,3
NUEVO LEON,2020-05-10,3
NUEVO LEON,2020-05-11,3
NUEVO LEON,2020-05-12,4
NUEVO LEON,2020-05-13,4
NUEVO LEON,2020-05-14,3
NUEVO LEON,2020-05-15,4
NUEVO LEON,2020-05-16,3
NUEVO LEON,2020-05-17,3
NUEVO LEON,2020-05-18,4
NUEVO LEON,2020-05-19,5
NUEVO LEON,2020-05-20,6
NUEVO LEON,2020-05-21,3
NUEVO LEON,2020-05-22,3
NUEVO LEON,2020-05-23,2
NUEVO LEON,2020-05-24,1
NUEVO LEON,2020-05-25,9
NUEVO LEON,2020-05-26,5
NUEVO LEON,2020-05-27,4
NUEVO LEON,2020-05-28,4
NUEVO LEON,2020-05-29,6
NUEVO LEON,2020-05-30,3
NUEVO LEON,2020-05-31,2
NUEVO LEON,2020-06-01,4
NUEVO LEON,2020-06-02,2
NUEVO LEON,2020-06-03,6
NUEVO LEON,2020-06-04,10
NUEVO LEON,2020-06-05,3
NUEVO LEON,2020-06-06,7
NUEVO LEON,2020-06-07,3
NUEVO LEON,2020-06-08,5
NUEVO LEON,2020-06-09,6
NUEVO LEON,2020-06-10,6
NUEVO LEON,2020-06-11,5
NUEVO LEON,2020-06-12,10
NUEVO LEON,2020-06-13,10
NUEVO LEON,2020-06-14,5
NUEVO LEON,2020-06-15,13
NUEVO LEON,2020-06-16,11
NUEVO LEON,2020-06-17,10
NUEVO LEON,2020-06-18,11
NUEVO LEON,2020-06-19,10
NUEVO LEON,2020-06-20,7
NUEVO LEON,2020-06-21,11
NUEVO LEON,2020-06-22,10
NUEVO LEON,2020-06-23,10
NUEVO LEON,2020-06-24,11
NUEVO LEON,2020-06-25,10
NUEVO LEON,2020-06-26,20
NUEVO LEON,2020-06-27,12
NUEVO LEON,2020-06-28,14
NUEVO LEON,2020-06-29,12
NUEVO LEON,2020-06-30,22
NUEVO LEON,2020-07-01,20
NUEVO LEON,2020-07-02,27
NUEVO LEON,2020-07-03,18
NUEVO LEON,2020-07-04,16
NUEVO LEON,2020-07-05,20
NUEVO LEON,2020-07-06,22
NUEVO LEON,2020-07-07,17
NUEVO LEON,2020-07-08,21
NUEVO LEON,2020-07-09,23
NUEVO LEON,2020-07-10,11
NUEVO LEON,2020-07-11,20
NUEVO LEON,2020-07-12,22
NUEVO LEON,2020-07-13,25
NUEVO LEON,2020-07-14,24
NUEVO LEON,2020-07-15,17
NUEVO LEON,2020-07-16,24
NUEVO LEON,2020-07-17,23
NUEVO LEON,2020-07-18,30
NUEVO LEON,2020-07-19,24
NUEVO LEON,2020-07-20,18
NUEVO LEON,2020-07-21,19
NUEVO LEON,2020-07-22,30
NUEVO LEON,2020-07-23,3
OAXACA,2020-03-29,1
OAXACA,2020-04-09,1
OAXACA,2020-04-11,1
OAXACA,2020-04-14,1
OAXACA,2020-04-16,1
OAXACA,2020-04-17,1
OAXACA,2020-04-19,1
OAXACA,2020-04-20,1
OAXACA,2020-04-21,1
OAXACA,2020-04-22,1
OAXACA,2020-04-23,4
OAXACA,2020-04-24,1
OAXACA,2020-04-26,1
OAXACA,2020-04-27,3
OAXACA,2020-04-29,1
OAXACA,2020-04-30,4
OAXACA,2020-05-01,1
OAXACA,2020-05-02,1
OAXACA,2020-05-03,2
OAXACA,2020-05-04,4
OAXACA,2020-05-05,3
OAXACA,2020-05-06,4
OAXACA,2020-05-07,4
OAXACA,2020-05-08,5
OAXACA,2020-05-09,4
OAXACA,2020-05-10,2
OAXACA,2020-05-11,4
OAXACA,2020-05-12,5
OAXACA,2020-05-13,6
OAXACA,2020-05-14,7
OAXACA,2020-05-15,8
OAXACA,2020-05-16,3
OAXACA,2020-05-17,7
OAXACA,2020-05-18,7
OAXACA,2020-05-19,12
OAXACA,2020-05-20,5
OAXACA,2020-05-21,3
OAXACA,2020-05-22,7
OAXACA,2020-05-23,9
OAXACA,2020-05-24,14
OAXACA,2020-05-25,11
OAXACA,2020-05-26,8
OAXACA,2020-05-27,10
OAXACA,2020-05-28,7
OAXACA,2020-05-29,13
OAXACA,2020-05-30,15
OAXACA,2020-05-31,16
OAXACA,2020-06-01,12
OAXACA,2020-06-02,10
OAXACA,2020-06-03,6
OAXACA,2020-06-04,12
OAXACA,2020-06-05,4
OAXACA,2020-06-06,12
OAXACA,2020-06-07,16
OAXACA,2020-06-08,17
OAXACA,2020-06-09,22
OAXACA,2020-06-10,20
OAXACA,2020-06-11,10
OAXACA,2020-06-12,17
OAXACA,2020-06-13,26
OAXACA,2020-06-14,12
OAXACA,2020-06-15,17
OAXACA,2020-06-16,22
OAXACA,2020-06-17,19
OAXACA,2020-06-18,11
OAXACA,2020-06-19,9
OAXACA,2020-06-20,6
OAXACA,2020-06-21,14
OAXACA,2020-06-22,17
OAXACA,2020-06-23,20
OAXACA,2020-06-24,14
OAXACA,2020-06-25,10
OAXACA,2020-06-26,15
OAXACA,2020-06-27,12
OAXACA,2020-06-28,9
OAXACA,2020-06-29,5
OAXACA,2020-06-30,7
OAXACA,2020-07-01,15
OAXACA,2020-07-02,6
OAXACA,2020-07-03,11
OAXACA,2020-07-04,17
OAXACA,2020-07-05,15
OAXACA,2020-07-06,13
OAXACA,2020-07-07,15
OAXACA,2020-07-08,8
OAXACA,2020-07-09,11
OAXACA,2020-07-10,13
OAXACA,2020-07-11,9
OAXACA,2020-07-12,12
OAXACA,2020-07-13,17
OAXACA,2020-07-14,12
OAXACA,2020-07-15,14
OAXACA,2020-07-16,8
OAXACA,2020-07-17,11
OAXACA,2020-07-18,5
OAXACA,2020-07-19,9
OAXACA,2020-07-20,5
OAXACA,2020-07-21,3
OAXACA,2020-07-22,6
OAXACA,2020-07-23,2
PUEBLA,2020-03-27,1
PUEBLA,2020-03-28,1
PUEBLA,2020-03-31,1
PUEBLA,2020-04-01,1
PUEBLA,2020-04-02,1
PUEBLA,2020-04-03,2
PUEBLA,2020-04-04,3
PUEBLA,2020-04-05,3
PUEBLA,2020-04-06,4
PUEBLA,2020-04-07,8
PUEBLA,2020-04-08,1
PUEBLA,2020-04-09,2
PUEBLA,2020-04-10,5
PUEBLA,2020-04-11,5
PUEBLA,2020-04-12,2
PUEBLA,2020-04-13,3
PUEBLA,2020-04-14,4
PUEBLA,2020-04-15,4
PUEBLA,2020-04-16,5
PUEBLA,2020-04-17,5
PUEBLA,2020-04-18,7
PUEBLA,2020-04-19,6
PUEBLA,2020-04-20,8
PUEBLA,2020-04-21,3
PUEBLA,2020-04-22,7
PUEBLA,2020-04-23,5
PUEBLA,2020-04-24,6
PUEBLA,2020-04-25,6
PUEBLA,2020-04-26,9
PUEBLA,2020-04-27,5
PUEBLA,2020-04-28,12
PUEBLA,2020-04-29,9
PUEBLA,2020-04-30,8
PUEBLA,2020-05-01,11
PUEBLA,2020-05-02,5
PUEBLA,2020-05-03,13
PUEBLA,2020-05-04,13
PUEBLA,2020-05-05,13
PUEBLA,2020-05-06,8
PUEBLA,2020-05-07,11
PUEBLA,2020-05-08,8
PUEBLA,2020-05-09,8
PUEBLA,2020-05-10,5
PUEBLA,2020-05-11,14
PUEBLA,2020-05-12,16
PUEBLA,2020-05-13,13
PUEBLA,2020-05-14,14
PUEBLA,2020-05-15,16
PUEBLA,2020-05-16,11
PUEBLA,2020-05-17,9
PUEBLA,2020-05-18,9
PUEBLA,2020-05-19,19
PUEBLA,2020-05-20,22
PUEBLA,2020-05-21,17
PUEBLA,2020-05-22,26
PUEBLA,2020-05-23,22
PUEBLA,2020-05-24,17
PUEBLA,2020-05-25,28
PUEBLA,2020-05-26,20
PUEBLA,2020-05-27,18
PUEBLA,2020-05-28,22
PUEBLA,2020-05-29,19
PUEBLA,2020-05-30,23
PUEBLA,2020-05-31,24
PUEBLA,2020-06-01,34
PUEBLA,2020-06-02,32
PUEBLA,2020-06-03,23
PUEBLA,2020-06-04,33
PUEBLA,2020-06-05,19
PUEBLA,2020-06-06,33
PUEBLA,2020-06-07,26
PUEBLA,2020-06-08,25
PUEBLA,2020-06-09,30
PUEBLA,2020-06-10,29
PUEBLA,2020-06-11,17
PUEBLA,2020-06-12,35
PUEBLA,2020-06-13,36
PUEBLA,2020-06-14,33
PUEBLA,2020-06-15,35
PUEBLA,2020-06-16,39
PUEBLA,2020-06-17,35
PUEBLA,2020-06-18,39
PUEBLA,2020-06-19,24
PUEBLA,2020-06-20,32
PUEBLA,2020-06-21,41
PUEBLA,2020-06-22,44
PUEBLA,2020-06-23,28
PUEBLA,2020-06-24,20
PUEBLA,2020-06-25,20
PUEBLA,2020-06-26,25
PUEBLA,2020-06-27,22
PUEBLA,2020-06-28,24
PUEBLA,2020-06-29,30
PUEBLA,2020-06-30,34
PUEBLA,2020-07-01,32
PUEBLA,2020-07-02,25
PUEBLA,2020-07-03,43
PUEBLA,2020-07-04,31
PUEBLA,2020-07-05,36
PUEBLA,2020-07-06,35
PUEBLA,2020-07-07,30
PUEBLA,2020-07-08,25
PUEBLA,2020-07-09,27
PUEBLA,2020-07-10,28
PUEBLA,2020-07-11,22
PUEBLA,2020-07-12,29
PUEBLA,2020-07-13,43
PUEBLA,2020-07-14,19
PUEBLA,2020-07-15,22
PUEBLA,2020-07-16,30
PUEBLA,2020-07-17,26
PUEBLA,2020-07-18,19
PUEBLA,2020-07-19,21
PUEBLA,2020-07-20,21
PUEBLA,2020-07-21,20
PUEBLA,2020-07-22,13
PUEBLA,2020-07-23,2
QUERETARO,2020-03-28,1
QUERETARO,2020-04-02,1
QUERETARO,2020-04-11,1
QUERETARO,2020-04-14,1
QUERETARO,2020-04-15,1
QUERETARO,2020-04-21,1
QUERETARO,2020-04-25,1
QUERETARO,2020-04-26,1
QUERETARO,2020-04-27,1
QUERETARO,2020-04-29,1
QUERETARO,2020-04-30,1
QUERETARO,2020-05-01,1
QUERETARO,2020-05-02,1
QUERETARO,2020-05-03,1
QUERETARO,2020-05-04,2
QUERETARO,2020-05-05,1
QUERETARO,2020-05-06,2
QUERETARO,2020-05-10,4
QUERETARO,2020-05-11,2
QUERETARO,2020-05-12,3
QUERETARO,2020-05-13,1
QUERETARO,2020-05-14,2
QUERETARO,2020-05-15,4
QUERETARO,2020-05-16,8
QUERETARO,2020-05-17,8
QUERETARO,2020-05-18,1
QUERETARO,2020-05-19,3
QUERETARO,2020-05-20,5
QUERETARO,2020-05-21,9
QUERETARO,2020-05-22,2
QUERETARO,2020-05-23,5
QUERETARO,2020-05-24,3
QUERETARO,2020-05-25,5
QUERETARO,2020-05-26,5
QUERETARO,2020-05-27,6
QUERETARO,2020-05-28,2
QUERETARO,2020-05-29,6
QUERETARO,2020-05-30,2
QUERETARO,2020-05-31,7
QUERETARO,2020-06-01,5
QUERETARO,2020-06-02,6
QUERETARO,2020-06-03,5
QUERETARO,2020-06-04,9
QUERETARO,2020-06-05,3
QUERETARO,2020-06-06,7
QUERETARO,2020-06-07,7
QUERETARO,2020-06-08,3
QUERETARO,2020-06-09,7
QUERETARO,2020-06-10,2
QUERETARO,2020-06-11,8
QUERETARO,2020-06-12,7
QUERETARO,2020-06-13,9
QUERETARO,2020-06-14,4
QUERETARO,2020-06-15,7
QUERETARO,2020-06-16,7
QUERETARO,2020-06-17,5
QUERETARO,2020-06-18,6
QUERETARO,2020-06-19,6
QUERETARO,2020-06-20,6
QUERETARO,2020-06-21,3
QUERETARO,2020-06-22,5
QUERETARO,2020-06-23,5
QUERETARO,2020-06-24,3
QUERETARO,2020-06-25,3
QUERETARO,2020-06-26,5
QUERETARO,2020-06-27,9
QUERETARO,2020-06-28,5
QUERETARO,2020-06-29,6
QUERETARO,2020-06-30,5
QUERETARO,2020-07-01,6
QUERETARO,2020-07-02,10
QUERETARO,2020-07-03,3
QUERETARO,2020-07-04,8
QUERETARO,2020-07-05,6
QUERETARO,2020-07-06,5
QUERETARO,2020-07-07,7
QUERETARO,2020-07-08,10
QUERETARO,2020-07-09,4
QUERETARO,2020-07-10,3
QUERETARO,2020-07-11,1
QUERETARO,2020-07-12,7
QUERETARO,2020-07-13,8
QUERETARO,2020-07-14,3
QUERETARO,2020-07-15,4
QUERETARO,2020-07-16,7
QUERETARO,2020-07-17,8
QUERETARO,2020-07-18,5
QUERETARO,2020-07-19,6
QUERETARO,2020-07-20,8
QUERETARO,2020-07-21,2
QUERETARO,2020-07-22,7
QUERETARO,2020-07-23,2
QUINTANA ROO,2020-03-26,1
QUINTANA ROO,2020-03-27,1
QUINTANA ROO,2020-03-28,1
QUINTANA ROO,2020-03-31,2
QUINTANA ROO,2020-04-01,1
QUINTANA ROO,2020-04-02,2
QUINTANA ROO,2020-04-03,2
QUINTANA ROO,2020-04-04,1
QUINTANA ROO,2020-04-05,1
QUINTANA ROO,2020-04-06,2
QUINTANA ROO,2020-04-07,2
QUINTANA ROO,2020-04-08,3
QUINTANA ROO,2020-04-09,3
QUINTANA ROO,2020-04-10,2
QUINTANA ROO,2020-04-11,2
QUINTANA ROO,2020-04-12,5
QUINTANA ROO,2020-04-13,5
QUINTANA ROO,2020-04-14,3
QUINTANA ROO,2020-04-16,1
QUINTANA ROO,2020-04-17,4
QUINTANA ROO,2020-04-18,6
QUINTANA ROO,2020-04-19,7
QUINTANA ROO,2020-04-20,10
QUINTANA ROO,2020-04-21,8
QUINTANA ROO,2020-04-22,6
QUINTANA ROO,2020-04-23,7
QUINTANA ROO,2020-04-24,16
QUINTANA ROO,2020-04-25,10
QUINTANA ROO,2020-04-26,10
QUINTANA ROO,2020-04-27,14
QUINTANA ROO,2020-04-28,9
QUINTANA ROO,2020-04-29,12
QUINTANA ROO,2020-04-30,11
QUINTANA ROO,2020-05-01,14
QUINTANA ROO,2020-05-02,5
QUINTANA ROO,2020-05-03,8
QUINTANA ROO,2020-05-04,6
QUINTANA ROO,2020-05-05,7
QUINTANA ROO,2020-05-06,9
QUINTANA ROO,2020-05-07,8
QUINTANA ROO,2020-05-08,5
QUINTANA ROO,2020-05-09,9
QUINTANA ROO,2020-05-10,8
QUINTANA ROO,2020-05-11,6
QUINTANA ROO,2020-05-12,12
QUINTANA ROO,2020-05-13,7
QUINTANA ROO,2020-05-14,11
QUINTANA ROO,2020-05-15,10
QUINTANA ROO,2020-05-16,6
QUINTANA ROO,2020-05-17,5
QUINTANA ROO,2020-05-18,10
QUINTANA ROO,2020-05-19,8
QUINTANA ROO,2020-05-20,4
QUINTANA ROO,2020-05-21,6
QUINTANA ROO,2020-05-22,5
QUINTANA ROO,2020-05-23,3
QUINTANA ROO,2020-05-24,10
QUINTANA ROO,2020-05-25,6
QUINTANA ROO,2020-05-26,6
QUINTANA ROO,2020-05-27,7
QUINTANA ROO,2020-05-28,6
QUINTANA ROO,2020-05-29,8
QUINTANA ROO,2020-05-30,8
QUINTANA ROO,2020-05-31,6
QUINTANA ROO,2020-06-01,12
QUINTANA ROO,2020-06-02,7
QUINTANA ROO,2020-06-03,4
QUINTANA ROO,2020-06-04,5
QUINTANA ROO,2020-06-05,8
QUINTANA ROO,2020-06-06,9
QUINTANA ROO,2020-06-07,12
QUINTANA ROO,2020-06-08,5
QUINTANA ROO,2020-06-09,7
QUINTANA ROO,2020-06-10,8
QUINTANA ROO,2020-06-11,4
QUINTANA ROO,2020-06-12,6
QUINTANA ROO,2020-06-13,6
QUINTANA ROO,2020-06-14,6
QUINTANA ROO,2020-06-15,4
QUINTANA ROO,2020-06-16,4
QUINTANA ROO,2020-06-17,5
QUINTANA ROO,2020-06-18,6
QUINTANA ROO,2020-06-19,5
QUINTANA ROO,2020-06-20,5
QUINTANA ROO,2020-06-21,8
QUINTANA ROO,2020-06-22,8
QUINTANA ROO,2020-06-23,5
QUINTANA ROO,2020-06-24,6
QUINTANA ROO,2020-06-25,10
QUINTANA ROO,2020-06-26,10
QUINTANA ROO,2020-06-27,6
QUINTANA ROO,2020-06-28,10
QUINTANA ROO,2020-06-29,11
QUINTANA ROO,2020-06-30,9
QUINTANA ROO,2020-07-01,10
QUINTANA ROO,2020-07-02,7
QUINTANA ROO,2020-07-03,9
QUINTANA ROO,2020-07-04,6
QUINTANA ROO,2020-07-05,16
QUINTANA ROO,2020-07-06,9
QUINTANA ROO,2020-07-07,12
QUINTANA ROO,2020-07-08,10
QUINTANA ROO,2020-07-09,19
QUINTANA ROO,2020-07-10,16
QUINTANA ROO,2020-07-11,14
QUINTANA ROO,2020-07-12,11
QUINTANA ROO,2020-07-13,11
QUINTANA ROO,2020-07-14,17
QUINTANA ROO,2020-07-15,10
QUINTANA ROO,2020-07-16,9
QUINTANA ROO,2020-07-17,18
QUINTANA ROO,2020-07-18,11
QUINTANA ROO,2020-07-19,13
QUINTANA ROO,2020-07-20,17
QUINTANA ROO,2020-07-21,21
QUINTANA ROO,2020-07-22,8
QUINTANA ROO,2020-07-23,6
SAN LUIS POTOSI,2020-03-24,1
SAN LUIS POTOSI,2020-03-25,1
SAN LUIS POTOSI,2020-03-30,1
SAN LUIS POTOSI,2020-04-06,1
SAN LUIS POTOSI,2020-04-17,1
SAN LUIS POTOSI,2020-04-18,1
SAN LUIS POTOSI,2020-04-23,1
SAN LUIS POTOSI,2020-04-26,1
SAN LUIS POTOSI,2020-04-29,1
SAN LUIS POTOSI,2020-04-30,1
SAN LUIS POTOSI,2020-05-03,1
SAN LUIS POTOSI,2020-05-04,2
SAN LUIS POTOSI,2020-05-05,1
SAN LUIS POTOSI,2020-05-06,1
SAN LUIS POTOSI,2020-05-07,1
SAN LUIS POTOSI,2020-05-08,1
SAN LUIS POTOSI,2020-05-09,1
SAN LUIS POTOSI,2020-05-11,1
SAN LUIS POTOSI,2020-05-12,1
SAN LUIS POTOSI,2020-05-14,1
SAN LUIS POTOSI,2020-05-15,2
SAN LUIS POTOSI,2020-05-16,4
SAN LUIS POTOSI,2020-05-17,5
SAN LUIS POTOSI,2020-05-18,2
SAN LUIS POTOSI,2020-05-20,3
SAN LUIS POTOSI,2020-05-21,1
SAN LUIS POTOSI,2020-05-22,2
SAN LUIS POTOSI,2020-05-23,3
SAN LUIS POTOSI,2020-05-24,2
SAN LUIS POTOSI,2020-05-25,3
SAN LUIS POTOSI,2020-05-26,3
SAN LUIS POTOSI,2020-05-27,1
SAN LUIS POTOSI,2020-05-28,1
SAN LUIS POTOSI,2020-05-29,2
SAN LUIS POTOSI,2020-05-30,2
SAN LUIS POTOSI,2020-05-31,4
SAN LUIS POTOSI,2020-06-01,6
SAN LUIS POTOSI,2020-06-02,1
SAN LUIS POTOSI,2020-06-03,4
SAN LUIS POTOSI,2020-06-04,5
SAN LUIS POTOSI,2020-06-05,2
SAN LUIS POTOSI,2020-06-06,8
SAN LUIS POTOSI,2020-06-07,6
SAN LUIS POTOSI,2020-06-08,6
SAN LUIS POTOSI,2020-06-09,3
SAN LUIS POTOSI,2020-06-10,4
SAN LUIS POTOSI,2020-06-11,8
SAN LUIS POTOSI,2020-06-12,4
SAN LUIS POTOSI,2020-06-13,2
SAN LUIS POTOSI,2020-06-14,2
SAN LUIS POTOSI,2020-06-16,7
SAN LUIS POTOSI,2020-06-17,2
SAN LUIS POTOSI,2020-06-18,2
SAN LUIS POTOSI,2020-06-19,3
SAN LUIS POTOSI,2020-06-20,4
SAN LUIS POTOSI,2020-06-21,7
SAN LUIS POTOSI,2020-06-22,7
SAN LUIS POTOSI,2020-06-23,5
SAN LUIS POTOSI,2020-06-24,11
SAN LUIS POTOSI,2020-06-25,9
SAN LUIS POTOSI,2020-06-26,6
SAN LUIS POTOSI,2020-06-27,4
SAN LUIS POTOSI,2020-06-28,7
SAN LUIS POTOSI,2020-06-29,4
SAN LUIS POTOSI,2020-06-30,8
SAN LUIS POTOSI,2020-07-01,7
SAN LUIS POTOSI,2020-07-02,2
SAN LUIS POTOSI,2020-07-03,4
SAN LUIS POTOSI,2020-07-04,1
SAN LUIS POTOSI,2020-07-05,3
SAN LUIS POTOSI,2020-07-06,12
SAN LUIS POTOSI,2020-07-07,7
SAN LUIS POTOSI,2020-07-08,7
SAN LUIS POTOSI,2020-07-09,9
SAN LUIS POTOSI,2020-07-10,10
SAN LUIS POTOSI,2020-07-11,4
SAN LUIS POTOSI,2020-07-12,10
SAN LUIS POTOSI,2020-07-13,11
SAN LUIS POTOSI,2020-07-14,12
SAN LUIS POTOSI,2020-07-15,10
SAN LUIS POTOSI,2020-07-16,13
SAN LUIS POTOSI,2020-07-17,9
SAN LUIS POTOSI,2020-07-18,4
SAN LUIS POTOSI,2020-07-19,6
SAN LUIS POTOSI,2020-07-20,8
SAN LUIS POTOSI,2020-07-21,8
SAN LUIS POTOSI,2020-07-22,5
SAN LUIS POTOSI,2020-07-23,4
SINALOA,2020-03-26,1
SINALOA,2020-03-28,1
SINALOA,2020-03-29,1
SINALOA,2020-03-31,1
SINALOA,2020-04-01,2
SINALOA,2020-04-02,3
SINALOA,2020-04-03,2
SINALOA,2020-04-04,5
SINALOA,2020-04-06,1
SINALOA,2020-04-07,3
SINALOA,2020-04-08,6
SINALOA,2020-04-09,7
SINALOA,2020-04-10,10
SINALOA,2020-04-11,8
SINALOA,2020-04-12,7
SINALOA,2020-04-13,8
SINALOA,2020-04-14,5
SINALOA,2020-04-15,6
SINALOA,2020-04-16,3
SINALOA,2020-04-17,5
SINALOA,2020-04-18,5
SINALOA,2020-04-19,4
SINALOA,2020-04-20,10
SINALOA,2020-04-21,6
SINALOA,2020-04-22,8
SINALOA,2020-04-23,7
SINALOA,2020-04-24,6
SINALOA,2020-04-25,11
SINALOA,2020-04-26,10
SINALOA,2020-04-27,10
SINALOA,2020-04-28,8
SINALOA,2020-04-29,11
SINALOA,2020-04-30,12
SINALOA,2020-05-01,16
SINALOA,2020-05-02,6
SINALOA,2020-05-03,9
SINALOA,2020-05-04,12
SINALOA,2020-05-05,21
SINALOA,2020-05-06,6
SINALOA,2020-05-07,13
SINALOA,2020-05-08,11
SINALOA,2020-05-09,4
SINALOA,2020-05-10,6
SINALOA,2020-05-11,13
SINALOA,2020-05-12,15
SINALOA,2020-05-13,4
SINALOA,2020-05-14,17
SINALOA,2020-05-15,17
SINALOA,2020-05-16,14
SINALOA,2020-05-17,17
SINALOA,2020-05-18,18
SINALOA,2020-05-19,15
SINALOA,2020-05-20,15
SINALOA,2020-05-21,24
SINALOA,2020-05-22,14
SINALOA,2020-05-23,19
SINALOA,2020-05-24,14
SINALOA,2020-05-25,17
SINALOA,2020-05-26,16
SINALOA,2020-05-27,28
SINALOA,2020-05-28,23
SINALOA,2020-05-29,21
SINALOA,2020-05-30,21
SINALOA,2020-05-31,28
SINALOA,2020-06-01,26
SINALOA,2020-06-02,25
SINALOA,2020-06-03,39
SINALOA,2020-06-04,26
SINALOA,2020-06-05,34
SINALOA,2020-06-06,24
SINALOA,2020-06-07,27
SINALOA,2020-06-08,30
SINALOA,2020-06-09,19
SINALOA,2020-06-10,21
SINALOA,2020-06-11,20
SINALOA,2020-06-12,43
SINALOA,2020-06-13,24
SINALOA,2020-06-14,24
SINALOA,2020-06-15,28
SINALOA,2020-06-16,26
SINALOA,2020-06-17,31
SINALOA,2020-06-18,26
SINALOA,2020-06-19,21
SINALOA,2020-06-20,22
SINALOA,2020-06-21,31
SINALOA,2020-06-22,26
SINALOA,2020-06-23,25
SINALOA,2020-06-24,24
SINALOA,2020-06-25,26
SINALOA,2020-06-26,25
SINALOA,2020-06-27,31
SINALOA,2020-06-28,25
SINALOA,2020-06-29,27
SINALOA,2020-06-30,20
SINALOA,2020-07-01,19
SINALOA,2020-07-02,23
SINALOA,2020-07-03,33
SINALOA,2020-07-04,23
SINALOA,2020-07-05,35
SINALOA,2020-07-06,25
SINALOA,2020-07-07,25
SINALOA,2020-07-08,23
SINALOA,2020-07-09,30
SINALOA,2020-07-10,13
SINALOA,2020-07-11,20
SINALOA,2020-07-12,25
SINALOA,2020-07-13,33
SINALOA,2020-07-14,27
SINALOA,2020-07-15,28
SINALOA,2020-07-16,21
SINALOA,2020-07-17,31
SINALOA,2020-07-18,16
SINALOA,2020-07-19,31
SINALOA,2020-07-20,21
SINALOA,2020-07-21,7
SINALOA,2020-07-22,12
SINALOA,2020-07-23,1
SONORA,2020-03-30,1
SONORA,2020-04-05,2
SONORA,2020-04-06,1
SONORA,2020-04-07,1
SONORA,2020-04-08,1
SONORA,2020-04-09,1
SONORA,2020-04-11,1
SONORA,2020-04-12,3
SONORA,2020-04-14,1
SONORA,2020-04-15,2
SONORA,2020-04-17,1
SONORA,2020-04-19,1
SONORA,2020-04-20,3
SONORA,2020-04-21,3
SONORA,2020-04-22,3
SONORA,2020-04-23,1
SONORA,2020-04-24,1
SONORA,2020-04-25,1
SONORA,2020-04-27,3
SONORA,2020-04-28,1
SONORA,2020-04-29,3
SONORA,2020-04-30,1
SONORA,2020-05-01,1
SONORA,2020-05-02,3
SONORA,2020-05-03,1
SONORA,2020-05-04,2
SONORA,2020-05-07,4
SONORA,2020-05-08,2
SONORA,2020-05-09,2
SONORA,2020-05-10,4
SONORA,2020-05-11,4
SONORA,2020-05-12,1
SONORA,2020-05-13,5
SONORA,2020-05-14,6
SONORA,2020-05-15,5
SONORA,2020-05-16,7
SONORA,2020-05-17,8
SONORA,2020-05-18,7
SONORA,2020-05-19,9
SONORA,2020-05-20,10
SONORA,2020-05-21,4
SONORA,2020-05-22,9
SONORA,2020-05-23,14
SONORA,2020-05-24,11
SONORA,2020-05-25,14
SONORA,2020-05-26,16
SONORA,2020-05-27,12
SONORA,2020-05-28,14
SONORA,2020-05-29,22
SONORA,2020-05-30,16
SONORA,2020-05-31,13
SONORA,2020-06-01,17
SONORA,2020-06-02,12
SONORA,2020-06-03,14
SONORA,2020-06-04,24
SONORA,2020-06-05,32
SONORA,2020-06-06,22
SONORA,2020-06-07,21
SONORA,2020-06-08,27
SONORA,2020-06-09,24
SONORA,2020-06-10,32
SONORA,2020-06-11,32
SONORA,2020-06-12,30
SONORA,2020-06-13,22
SONORA,2020-06-14,25
SONORA,2020-06-15,31
SONORA,2020-06-16,32
SONORA,2020-06-17,29
SONORA,2020-06-18,33
SONORA,2020-06-19,27
SONORA,2020-06-20,27
SONORA,2020-06-21,20
SONORA,2020-06-22,33
SONORA,2020-06-23,46
SONORA,2020-06-24,41
SONORA,2020-06-25,41
SONORA,2020-06-26,30
SONORA,2020-06-27,19
SONORA,2020-06-28,31
SONORA,2020-06-29,37
SONORA,2020-06-30,27
SONORA,2020-07-01,30
SONORA,2020-07-02,29
SONORA,2020-07-03,27
SONORA,2020-07-04,25
SONORA,2020-07-05,28
SONORA,2020-07-06,31
SONORA,2020-07-07,32
SONORA,2020-07-08,32
SONORA,2020-07-09,45
SONORA,2020-07-10,31
SONORA,2020-07-11,34
SONORA,2020-07-12,27
SONORA,2020-07-13,24
SONORA,2020-07-14,33
SONORA,2020-07-15,22
SONORA,2020-07-16,27
SONORA,2020-07-17,15
SONORA,2020-07-18,13
SONORA,2020-07-19,22
SONORA,2020-07-20,9
SONORA,2020-07-21,11
SONORA,2020-07-22,8
SONORA,2020-07-23,5
TABASCO,2020-03-31,1
TABASCO,2020-04-01,3
TABASCO,2020-04-03,1
TABASCO,2020-04-05,3
TABASCO,2020-04-06,3
TABASCO,2020-04-08,1
TABASCO,2020-04-09,1
TABASCO,2020-04-11,1
TABASCO,2020-04-12,2
TABASCO,2020-04-13,4
TABASCO,2020-04-14,5
TABASCO,2020-04-15,3
TABASCO,2020-04-16,3
TABASCO,2020-04-17,10
TABASCO,2020-04-18,9
TABASCO,2020-04-19,8
TABASCO,2020-04-20,8
TABASCO,2020-04-21,3
TABASCO,2020-04-22,10
TABASCO,2020-04-23,10
TABASCO,2020-04-24,7
TABASCO,2020-04-25,10
TABASCO,2020-04-26,10
TABASCO,2020-04-27,6
TABASCO,2020-04-28,9
TABASCO,2020-04-29,9
TABASCO,2020-04-30,10
TABASCO,2020-05-01,17
TABASCO,2020-05-02,13
TABASCO,2020-05-03,12
TABASCO,2020-05-04,14
TABASCO,2020-05-05,6
TABASCO,2020-05-06,15
TABASCO,2020-05-07,11
TABASCO,2020-05-08,23
TABASCO,2020-05-09,13
TABASCO,2020-05-10,13
TABASCO,2020-05-11,14
TABASCO,2020-05-12,11
TABASCO,2020-05-13,13
TABASCO,2020-05-14,14
TABASCO,2020-05-15,24
TABASCO,2020-05-16,17
TABASCO,2020-05-17,15
TABASCO,2020-05-18,14
TABASCO,2020-05-19,16
TABASCO,2020-05-20,21
TABASCO,2020-05-21,19
TABASCO,2020-05-22,22
TABASCO,2020-05-23,21
TABASCO,2020-05-24,17
TABASCO,2020-05-25,12
TABASCO,2020-05-26,21
TABASCO,2020-05-27,17
TABASCO,2020-05-28,19
TABASCO,2020-05-29,18
TABASCO,2020-05-30,27
TABASCO,2020-05-31,11
TABASCO,2020-06-01,23
TABASCO,2020-06-02,19
TABASCO,2020-06-03,16
TABASCO,2020-06-04,16
TABASCO,2020-06-05,17
TABASCO,2020-06-06,8
TABASCO,2020-06-07,16
TABASCO,2020-06-08,14
TABASCO,2020-06-09,15
TABASCO,2020-06-10,17
TABASCO,2020-06-11,12
TABASCO,2020-06-12,17
TABASCO,2020-06-13,15
TABASCO,2020-06-14,16
TABASCO,2020-06-15,20
TABASCO,2020-06-16,22
TABASCO,2020-06-17,14
TABASCO,2020-06-18,19
TABASCO,2020-06-19,18
TABASCO,2020-06-20,8
TABASCO,2020-06-21,23
TABASCO,2020-06-22,16
TABASCO,2020-06-23,13
TABASCO,2020-06-24,13
TABASCO,2020-06-25,21
TABASCO,2020-06-26,22
TABASCO,2020-06-27,24
TABASCO,2020-06-28,24
TABASCO,2020-06-29,24
TABASCO,2020-06-30,28
TABASCO,2020-07-01,16
TABASCO,2020-07-02,26
TABASCO,2020-07-03,24
TABASCO,2020-07-04,17
TABASCO,2020-07-05,29
TABASCO,2020-07-06,34
TABASCO,2020-07-07,31
TABASCO,2020-07-08,22
TABASCO,2020-07-09,26
TABASCO,2020-07-10,30
TABASCO,2020-07-11,31
TABASCO,2020-07-12,26
TABASCO,2020-07-13,34
TABASCO,2020-07-14,24
TABASCO,2020-07-15,20
TABASCO,2020-07-16,27
TABASCO,2020-07-17,33
TABASCO,2020-07-18,18
TABASCO,2020-07-19,22
TABASCO,2020-07-20,25
TABASCO,2020-07-21,27
TABASCO,2020-07-22,24
TABASCO,2020-07-23,4
TAMAULIPAS,2020-04-03,1
TAMAULIPAS,2020-04-04,1
TAMAULIPAS,2020-04-06,1
TAMAULIPAS,2020-04-14,1
TAMAULIPAS,2020-04-15,1
TAMAULIPAS,2020-04-17,1
TAMAULIPAS,2020-04-20,4
TAMAULIPAS,2020-04-23,3
TAMAULIPAS,2020-04-24,1
TAMAULIPAS,2020-04-25,3
TAMAULIPAS,2020-04-26,1
TAMAULIPAS,2020-04-27,2
TAMAULIPAS,2020-04-28,1
TAMAULIPAS,2020-04-30,3
TAMAULIPAS,2020-05-01,2
TAMAULIPAS,2020-05-02,3
TAMAULIPAS,2020-05-03,1
TAMAULIPAS,2020-05-04,1
TAMAULIPAS,2020-05-05,1
TAMAULIPAS,2020-05-06,3
TAMAULIPAS,2020-05-07,4
TAMAULIPAS,2020-05-08,6
TAMAULIPAS,2020-05-09,3
TAMAULIPAS,2020-05-10,4
TAMAULIPAS,2020-05-11,4
TAMAULIPAS,2020-05-12,3
TAMAULIPAS,2020-05-13,3
TAMAULIPAS,2020-05-14,5
TAMAULIPAS,2020-05-15,2
TAMAULIPAS,2020-05-16,3
TAMAULIPAS,2020-05-18,4
TAMAULIPAS,2020-05-19,4
TAMAULIPAS,2020-05-20,2
TAMAULIPAS,2020-05-21,5
TAMAULIPAS,2020-05-22,4
TAMAULIPAS,2020-05-23,3
TAMAULIPAS,2020-05-24,5
TAMAULIPAS,2020-05-25,4
TAMAULIPAS,2020-05-26,3
TAMAULIPAS,2020-05-27,4
TAMAULIPAS,2020-05-28,10
TAMAULIPAS,2020-05-29,2
TAMAULIPAS,2020-05-30,7
TAMAULIPAS,2020-05-31,9
TAMAULIPAS,2020-06-01,6
TAMAULIPAS,2020-06-02,6
TAMAULIPAS,2020-06-03,7
TAMAULIPAS,2020-06-04,5
TAMAULIPAS,2020-06-05,2
TAMAULIPAS,2020-06-06,2
TAMAULIPAS,2020-06-07,5
TAMAULIPAS,2020-06-08,7
TAMAULIPAS,2020-06-09,7
TAMAULIPAS,2020-06-10,9
TAMAULIPAS,2020-06-11,5
TAMAULIPAS,2020-06-12,11
TAMAULIPAS,2020-06-13,6
TAMAULIPAS,2020-06-14,19
TAMAULIPAS,2020-06-15,15
TAMAULIPAS,2020-06-16,12
TAMAULIPAS,2020-06-17,17
TAMAULIPAS,2020-06-18,21
TAMAULIPAS,2020-06-19,18
TAMAULIPAS,2020-06-20,9
TAMAULIPAS,2020-06-21,14
TAMAULIPAS,2020-06-22,23
TAMAULIPAS,2020-06-23,17
TAMAULIPAS,2020-06-24,7
TAMAULIPAS,2020-06-25,13
TAMAULIPAS,2020-06-26,12
TAMAULIPAS,2020-06-27,15
TAMAULIPAS,2020-06-28,20
TAMAULIPAS,2020-06-29,21
TAMAULIPAS,2020-06-30,26
TAMAULIPAS,2020-07-01,14
TAMAULIPAS,2020-07-02,23
TAMAULIPAS,2020-07-03,12
TAMAULIPAS,2020-07-04,24
TAMAULIPAS,2020-07-05,23
TAMAULIPAS,2020-07-06,31
TAMAULIPAS,2020-07-07,21
TAMAULIPAS,2020-07-08,14
TAMAULIPAS,2020-07-09,13
TAMAULIPAS,2020-07-10,14
TAMAULIPAS,2020-07-11,8
TAMAULIPAS,2020-07-12,8
TAMAULIPAS,2020-07-13,24
TAMAULIPAS,2020-07-14,10
TAMAULIPAS,2020-07-15,13
TAMAULIPAS,2020-07-16,14
TAMAULIPAS,2020-07-17,15
TAMAULIPAS,2020-07-18,12
TAMAULIPAS,2020-07-19,12
TAMAULIPAS,2020-07-20,10
TAMAULIPAS,2020-07-21,6
TAMAULIPAS,2020-07-22,5
TLAXCALA,2020-04-08,1
TLAXCALA,2020-04-12,3
TLAXCALA,2020-04-14,2
TLAXCALA,2020-04-17,1
TLAXCALA,2020-04-19,2
TLAXCALA,2020-04-21,2
TLAXCALA,2020-04-22,2
TLAXCALA,2020-04-23,1
TLAXCALA,2020-04-24,1
TLAXCALA,2020-04-25,2
TLAXCALA,2020-04-26,2
TLAXCALA,2020-04-27,4
TLAXCALA,2020-04-28,4
TLAXCALA,2020-04-29,5
TLAXCALA,2020-04-30,3
TLAXCALA,2020-05-01,2
TLAXCALA,2020-05-02,3
TLAXCALA,2020-05-03,2
TLAXCALA,2020-05-04,6
TLAXCALA,2020-05-05,4
TLAXCALA,2020-05-06,3
TLAXCALA,2020-05-07,2
TLAXCALA,2020-05-08,7
TLAXCALA,2020-05-09,1
TLAXCALA,2020-05-10,1
TLAXCALA,2020-05-11,10
TLAXCALA,2020-05-12,9
TLAXCALA,2020-05-13,4
TLAXCALA,2020-05-14,2
TLAXCALA,2020-05-15,8
TLAXCALA,2020-05-16,9
TLAXCALA,2020-05-17,6
TLAXCALA,2020-05-18,3
TLAXCALA,2020-05-19,6
TLAXCALA,2020-05-20,5
TLAXCALA,2020-05-21,4
TLAXCALA,2020-05-22,2
TLAXCALA,2020-05-23,5
TLAXCALA,2020-05-24,12
TLAXCALA,2020-05-25,3
TLAXCALA,2020-05-26,5
TLAXCALA,2020-05-27,4
TLAXCALA,2020-05-28,8
TLAXCALA,2020-05-29,3
TLAXCALA,2020-05-31,9
TLAXCALA,2020-06-01,8
TLAXCALA,2020-06-02,9
TLAXCALA,2020-06-03,6
TLAXCALA,2020-06-04,13
TLAXCALA,2020-06-05,4
TLAXCALA,2020-06-06,7
TLAXCALA,2020-06-07,7
TLAXCALA,2020-06-08,13
TLAXCALA,2020-06-09,10
TLAXCALA,2020-06-10,16
TLAXCALA,2020-06-11,11
TLAXCALA,2020-06-12,7
TLAXCALA,2020-06-13,7
TLAXCALA,2020-06-14,4
TLAXCALA,2020-06-15,6
TLAXCALA,2020-06-16,9
TLAXCALA,2020-06-17,5
TLAXCALA,2020-06-18,8
TLAXCALA,2020-06-19,7
TLAXCALA,2020-06-20,12
TLAXCALA,2020-06-21,11
TLAXCALA,2020-06-22,4
TLAXCALA,2020-06-23,5
TLAXCALA,2020-06-24,6
TLAXCALA,2020-06-25,5
TLAXCALA,2020-06-26,13
TLAXCALA,2020-06-27,8
TLAXCALA,2020-06-28,5
TLAXCALA,2020-06-29,7
TLAXCALA,2020-06-30,7
TLAXCALA,2020-07-01,9
TLAXCALA,2020-07-02,9
TLAXCALA,2020-07-03,5
TLAXCALA,2020-07-04,5
TLAXCALA,2020-07-05,5
TLAXCALA,2020-07-06,5
TLAXCALA,2020-07-07,12
TLAXCALA,2020-07-08,9
TLAXCALA,2020-07-09,6
TLAXCALA,2020-07-10,8
TLAXCALA,2020-07-11,10
TLAXCALA,2020-07-12,9
TLAXCALA,2020-07-13,4
TLAXCALA,2020-07-14,9
TLAXCALA,2020-07-15,15
TLAXCALA,2020-07-16,6
TLAXCALA,2020-07-17,9
TLAXCALA,2020-07-18,12
TLAXCALA,2020-07-19,10
TLAXCALA,2020-07-20,10
TLAXCALA,2020-07-21,7
TLAXCALA,2020-07-22,3
TLAXCALA,2020-07-23,1
TLAXCALA,2020-07-24,1
VERACRUZ DE IGNACIO DE LA LLAVE,2020-03-28,1
VERACRUZ DE IGNACIO DE LA LLAVE,2020-04-01,1
VERACRUZ DE IGNACIO DE LA LLAVE,2020-04-03,1
VERACRUZ DE IGNACIO DE LA LLAVE,2020-04-09,1
VERACRUZ DE IGNACIO DE LA LLAVE,2020-04-12,3
VERACRUZ DE IGNACIO DE LA LLAVE,2020-04-13,1
VERACRUZ DE IGNACIO DE LA LLAVE,2020-04-14,1
VERACRUZ DE IGNACIO DE LA LLAVE,2020-04-16,1
VERACRUZ DE IGNACIO DE LA LLAVE,2020-04-17,1
VERACRUZ DE IGNACIO DE LA LLAVE,2020-04-18,2
VERACRUZ DE IGNACIO DE LA LLAVE,2020-04-19,6
VERACRUZ DE IGNACIO DE LA LLAVE,2020-04-20,4
VERACRUZ DE IGNACIO DE LA LLAVE,2020-04-21,3
VERACRUZ DE IGNACIO DE LA LLAVE,2020-04-22,6
VERACRUZ DE IGNACIO DE LA LLAVE,2020-04-23,2
VERACRUZ DE IGNACIO DE LA LLAVE,2020-04-24,4
VERACRUZ DE IGNACIO DE LA LLAVE,2020-04-25,9
VERACRUZ DE IGNACIO DE LA LLAVE,2020-04-26,10
VERACRUZ DE IGNACIO DE LA LLAVE,2020-04-27,6
VERACRUZ DE IGNACIO DE LA LLAVE,2020-04-28,3
VERACRUZ DE IGNACIO DE LA LLAVE,2020-04-29,12
VERACRUZ DE IGNACIO DE LA LLAVE,2020-04-30,3
VERACRUZ DE IGNACIO DE LA LLAVE,2020-05-01,7
VERACRUZ DE IGNACIO DE LA LLAVE,2020-05-02,15
VERACRUZ DE IGNACIO DE LA LLAVE,2020-05-03,13
VERACRUZ DE IGNACIO DE LA LLAVE,2020-05-04,12
VERACRUZ DE IGNACIO DE LA LLAVE,2020-05-05,14
VERACRUZ DE IGNACIO DE LA LLAVE,2020-05-06,17
VERACRUZ DE IGNACIO DE LA LLAVE,2020-05-07,13
VERACRUZ DE IGNACIO DE LA LLAVE,2020-05-08,19
VERACRUZ DE IGNACIO DE LA LLAVE,2020-05-09,27
VERACRUZ DE IGNACIO DE LA LLAVE,2020-05-10,22
VERACRUZ DE IGNACIO DE LA LLAVE,2020-05-11,25
VERACRUZ DE IGNACIO DE LA LLAVE,2020-05-12,24
VERACRUZ DE IGNACIO DE LA LLAVE,2020-05-13,20
VERACRUZ DE IGNACIO DE LA LLAVE,2020-05-14,36
VERACRUZ DE IGNACIO DE LA LLAVE,2020-05-15,25
VERACRUZ DE IGNACIO DE LA LLAVE,2020-05-16,19
VERACRUZ DE IGNACIO DE LA LLAVE,2020-05-17,22
VERACRUZ DE IGNACIO DE LA LLAVE,2020-05-18,32
VERACRUZ DE IGNACIO DE LA LLAVE,2020-05-19,35
VERACRUZ DE IGNACIO DE LA LLAVE,2020-05-20,37
VERACRUZ DE IGNACIO DE LA LLAVE,2020-05-21,27
VERACRUZ DE IGNACIO DE LA LLAVE,2020-05-22,33
VERACRUZ DE IGNACIO DE LA LLAVE,2020-05-23,28
VERACRUZ DE IGNACIO DE LA LLAVE,2020-05-24,30
VERACRUZ DE IGNACIO DE LA LLAVE,2020-05-25,30
VERACRUZ DE IGNACIO DE LA LLAVE,2020-05-26,34
VERACRUZ DE IGNACIO DE LA LLAVE,2020-05-27,24
VERACRUZ DE IGNACIO DE LA LLAVE,2020-05-28,31
VERACRUZ DE IGNACIO DE LA LLAVE,2020-05-29,25
VERACRUZ DE IGNACIO DE LA LLAVE,2020-05-30,38
VERACRUZ DE IGNACIO DE LA LLAVE,2020-05-31,27
VERACRUZ DE IGNACIO DE LA LLAVE,2020-06-01,35
VERACRUZ DE IGNACIO DE LA LLAVE,2020-06-02,33
VERACRUZ DE IGNACIO DE LA LLAVE,2020-06-03,34
VERACRUZ DE IGNACIO DE LA LLAVE,2020-06-04,24
VERACRUZ DE IGNACIO DE LA LLAVE,2020-06-05,40
VERACRUZ DE IGNACIO DE LA LLAVE,2020-06-06,28
VERACRUZ DE IGNACIO DE LA LLAVE,2020-06-07,32
VERACRUZ DE IGNACIO DE LA LLAVE,2020-06-08,41
VERACRUZ DE IGNACIO DE LA LLAVE,2020-06-09,38
VERACRUZ DE IGNACIO DE LA LLAVE,2020-06-10,40
VERACRUZ DE IGNACIO DE LA LLAVE,2020-06-11,29
VERACRUZ DE IGNACIO DE LA LLAVE,2020-06-12,32
VERACRUZ DE IGNACIO DE LA LLAVE,2020-06-13,28
VERACRUZ DE IGNACIO DE LA LLAVE,2020-06-14,32
VERACRUZ DE IGNACIO DE LA LLAVE,2020-06-15,39
VERACRUZ DE IGNACIO DE LA LLAVE,2020-06-16,39
VERACRUZ DE IGNACIO DE LA LLAVE,2020-06-17,25
VERACRUZ DE IGNACIO DE LA LLAVE,2020-06-18,26
VERACRUZ DE IGNACIO DE LA LLAVE,2020-06-19,30
VERACRUZ DE IGNACIO DE LA LLAVE,2020-06-20,40
VERACRUZ DE IGNACIO DE LA LLAVE,2020-06-21,40
VERACRUZ DE IGNACIO DE LA LLAVE,2020-06-22,24
VERACRUZ DE IGNACIO DE LA LLAVE,2020-06-23,28
VERACRUZ DE IGNACIO DE LA LLAVE,2020-06-24,32
VERACRUZ DE IGNACIO DE LA LLAVE,2020-06-25,39
VERACRUZ DE IGNACIO DE LA LLAVE,2020-06-26,35
VERACRUZ DE IGNACIO DE LA LLAVE,2020-06-27,38
VERACRUZ DE IGNACIO DE LA LLAVE,2020-06-28,36
VERACRUZ DE IGNACIO DE LA LLAVE,2020-06-29,38
VERACRUZ DE IGNACIO DE LA LLAVE,2020-06-30,28
VERACRUZ DE IGNACIO DE LA LLAVE,2020-07-01,22
VERACRUZ DE IGNACIO DE LA LLAVE,2020-07-02,26
VERACRUZ DE IGNACIO DE LA LLAVE,2020-07-03,27
VERACRUZ DE IGNACIO DE LA LLAVE,2020-07-04,35
VERACRUZ DE IGNACIO DE LA LLAVE,2020-07-05,30
VERACRUZ DE IGNACIO DE LA LLAVE,2020-07-06,37
VERACRUZ DE IGNACIO DE LA LLAVE,2020-07-07,30
VERACRUZ DE IGNACIO DE LA LLAVE,2020-07-08,43
VERACRUZ DE IGNACIO DE LA LLAVE,2020-07-09,34
VERACRUZ DE IGNACIO DE LA LLAVE,2020-07-10,30
VERACRUZ DE IGNACIO DE LA LLAVE,2020-07-11,21
VERACRUZ DE IGNACIO DE LA LLAVE,2020-07-12,18
VERACRUZ DE IGNACIO DE LA LLAVE,2020-07-13,32
VERACRUZ DE IGNACIO DE LA LLAVE,2020-07-14,24
VERACRUZ DE IGNACIO DE LA LLAVE,2020-07-15,19
VERACRUZ DE IGNACIO DE LA LLAVE,2020-07-16,36
VERACRUZ DE IGNACIO DE LA LLAVE,2020-07-17,25
VERACRUZ DE IGNACIO DE LA LLAVE,2020-07-18,31
VERACRUZ DE IGNACIO DE LA LLAVE,2020-07-19,35
VERACRUZ DE IGNACIO DE LA LLAVE,2020-07-20,27
VERACRUZ DE IGNACIO DE LA LLAVE,2020-07-21,20
VERACRUZ DE IGNACIO DE LA LLAVE,2020-07-22,17
VERACRUZ DE IGNACIO DE LA LLAVE,2020-07-23,4
YUCATAN,2020-04-03,2
YUCATAN,2020-04-06,1
YUCATAN,2020-04-07,2
YUCATAN,2020-04-10,3
YUCATAN,2020-04-13,1
YUCATAN,2020-04-15,3
YUCATAN,2020-04-16,1
YUCATAN,2020-04-17,1
YUCATAN,2020-04-19,1
YUCATAN,2020-04-20,2
YUCATAN,2020-04-21,3
YUCATAN,2020-04-22,1
YUCATAN,2020-04-23,4
YUCATAN,2020-04-24,2
YUCATAN,2020-04-25,2
YUCATAN,2020-04-26,1
YUCATAN,2020-04-27,1
YUCATAN,2020-04-28,3
YUCATAN,2020-04-29,3
YUCATAN,2020-04-30,1
YUCATAN,2020-05-01,2
YUCATAN,2020-05-02,5
YUCATAN,2020-05-03,2
YUCATAN,2020-05-04,2
YUCATAN,2020-05-05,7
YUCATAN,2020-05-06,4
YUCATAN,2020-05-07,3
YUCATAN,2020-05-08,2
YUCATAN,2020-05-09,1
YUCATAN,2020-05-10,7
YUCATAN,2020-05-11,6
YUCATAN,2020-05-12,7
YUCATAN,2020-05-13,5
YUCATAN,2020-05-14,7
YUCATAN,2020-05-15,1
YUCATAN,2020-05-16,3
YUCATAN,2020-05-17,8
YUCATAN,2020-05-18,5
YUCATAN,2020-05-19,3
YUCATAN,2020-05-20,11
YUCATAN,2020-05-21,5
YUCATAN,2020-05-22,6
YUCATAN,2020-05-23,8
YUCATAN,2020-05-24,2
YUCATAN,2020-05-25,7
YUCATAN,2020-05-26,10
YUCATAN,2020-05-27,9
YUCATAN,2020-05-28,8
YUCATAN,2020-05-29,7
YUCATAN,2020-05-30,9
YUCATAN,2020-05-31,5
YUCATAN,2020-06-01,10
YUCATAN,2020-06-02,8
YUCATAN,2020-06-03,2
YUCATAN,2020-06-04,5
YUCATAN,2020-06-05,4
YUCATAN,2020-06-06,6
YUCATAN,2020-06-07,4
YUCATAN,2020-06-08,5
YUCATAN,2020-06-09,9
YUCATAN,2020-06-10,10
YUCATAN,2020-06-11,6
YUCATAN,2020-06-12,5
YUCATAN,2020-06-13,8
YUCATAN,2020-06-14,12
YUCATAN,2020-06-15,13
YUCATAN,2020-06-16,6
YUCATAN,2020-06-17,7
YUCATAN,2020-06-18,10
YUCATAN,2020-06-19,3
YUCATAN,2020-06-20,9
YUCATAN,2020-06-21,7
YUCATAN,2020-06-22,6
YUCATAN,2020-06-23,8
YUCATAN,2020-06-24,19
YUCATAN,2020-06-25,16
YUCATAN,2020-06-26,8
YUCATAN,2020-06-27,6
YUCATAN,2020-06-28,6
YUCATAN,2020-06-29,14
YUCATAN,2020-06-30,23
YUCATAN,2020-07-01,15
YUCATAN,2020-07-02,10
YUCATAN,2020-07-03,14
YUCATAN,2020-07-04,16
YUCATAN,2020-07-05,7
YUCATAN,2020-07-06,18
YUCATAN,2020-07-07,19
YUCATAN,2020-07-08,9
YUCATAN,2020-07-09,13
YUCATAN,2020-07-10,18
YUCATAN,2020-07-11,10
YUCATAN,2020-07-12,8
YUCATAN,2020-07-13,16
YUCATAN,2020-07-14,12
YUCATAN,2020-07-15,22
YUCATAN,2020-07-16,13
YUCATAN,2020-07-17,7
YUCATAN,2020-07-18,14
YUCATAN,2020-07-19,9
YUCATAN,2020-07-20,13
YUCATAN,2020-07-21,17
YUCATAN,2020-07-22,14
YUCATAN,2020-07-23,12
ZACATECAS,2020-03-31,1
ZACATECAS,2020-04-04,1
ZACATECAS,2020-04-19,1
ZACATECAS,2020-04-23,1
ZACATECAS,2020-04-26,1
ZACATECAS,2020-04-27,1
ZACATECAS,2020-04-28,1
ZACATECAS,2020-04-29,1
ZACATECAS,2020-04-30,1
ZACATECAS,2020-05-01,1
ZACATECAS,2020-05-02,3
ZACATECAS,2020-05-03,3
ZACATECAS,2020-05-04,1
ZACATECAS,2020-05-05,1
ZACATECAS,2020-05-09,1
ZACATECAS,2020-05-10,1
ZACATECAS,2020-05-12,1
ZACATECAS,2020-05-13,1
ZACATECAS,2020-05-14,1
ZACATECAS,2020-05-15,2
ZACATECAS,2020-05-17,1
ZACATECAS,2020-05-19,2
ZACATECAS,2020-05-22,1
ZACATECAS,2020-05-23,1
ZACATECAS,2020-05-25,1
ZACATECAS,2020-05-26,1
ZACATECAS,2020-05-27,1
ZACATECAS,2020-05-28,1
ZACATECAS,2020-05-29,1
ZACATECAS,2020-05-30,1
ZACATECAS,2020-05-31,1
ZACATECAS,2020-06-01,1
ZACATECAS,2020-06-02,3
ZACATECAS,2020-06-03,2
ZACATECAS,2020-06-04,2
ZACATECAS,2020-06-05,2
ZACATECAS,2020-06-06,1
ZACATECAS,2020-06-07,3
ZACATECAS,2020-06-08,5
ZACATECAS,2020-06-09,2
ZACATECAS,2020-06-10,2
ZACATECAS,2020-06-11,2
ZACATECAS,2020-06-12,1
ZACATECAS,2020-06-14,4
ZACATECAS,2020-06-15,3
ZACATECAS,2020-06-16,2
ZACATECAS,2020-06-17,5
ZACATECAS,2020-06-18,6
ZACATECAS,2020-06-19,1
ZACATECAS,2020-06-20,2
ZACATECAS,2020-06-21,2
ZACATECAS,2020-06-22,1
ZACATECAS,2020-06-23,2
ZACATECAS,2020-06-24,1
ZACATECAS,2020-06-25,2
ZACATECAS,2020-06-26,3
ZACATECAS,2020-06-28,4
ZACATECAS,2020-06-29,3
ZACATECAS,2020-06-30,4
ZACATECAS,2020-07-01,3
ZACATECAS,2020-07-02,6
ZACATECAS,2020-07-03,3
ZACATECAS,2020-07-04,1
ZACATECAS,2020-07-05,1
ZACATECAS,2020-07-06,3
ZACATECAS,2020-07-07,7
ZACATECAS,2020-07-08,5
ZACATECAS,2020-07-09,3
ZACATECAS,2020-07-10,6
ZACATECAS,2020-07-11,4
ZACATECAS,2020-07-12,4
ZACATECAS,2020-07-13,1
ZACATECAS,2020-07-14,5
ZACATECAS,2020-07-15,7
ZACATECAS,2020-07-16,4
ZACATECAS,2020-07-17,3
ZACATECAS,2020-07-18,6
ZACATECAS,2020-07-19,4
ZACATECAS,2020-07-20,4
ZACATECAS,2020-07-21,5
ZACATECAS,2020-07-22,2
